sale_id,sale_date,product_id,branch_id,customer_id,channel,quantity,unit_price,discount_pct,revenue,cost,profit
S00001,2026-06-13,P002,B001,C0087,Online,1,3200,0.0,3200.0,2327.34,872.66
S00002,2026-05-20,P002,B005,C0078,Store,1,3200,0.0,3200.0,2004.9,1195.1
S00003,2026-01-07,P009,B002,C0076,Online,2,3100,0.05,5890.0,3869.35,2020.65
S00004,2026-03-13,P001,B002,C0098,Online,1,4200,0.0,4200.0,2616.86,1583.14
S00005,2026-03-28,P002,B001,C0006,Store,1,3200,0.0,3200.0,2242.38,957.62
S00006,2026-04-28,P009,B001,C0081,Corporate,1,3100,0.1,2790.0,1979.77,810.23
S00007,2026-06-08,P006,B005,C0038,Store,1,780,0.15,663.0,487.95,175.05
S00008,2026-01-21,P004,B001,C0046,Store,2,420,0.0,840.0,514.53,325.47
S00009,2026-02-23,P005,B001,C0060,Online,1,360,0.15,306.0,226.43,79.57
S00010,2026-04-08,P005,B005,C0005,Store,1,360,0.0,360.0,225.29,134.71
S00011,2026-03-22,P007,B003,C0041,Store,4,1250,0.1,4500.0,3776.37,723.63
S00012,2026-02-24,P008,B004,C0032,Corporate,2,1800,0.0,3600.0,2278.71,1321.29
S00013,2026-05-24,P009,B003,C0029,Online,1,3100,0.1,2790.0,2045.63,744.37
S00014,2026-02-05,P009,B004,C0021,Store,1,3100,0.0,3100.0,1892.76,1207.24
S00015,2026-06-24,P007,B005,C0071,Store,1,1250,0.05,1187.5,857.28,330.22
S00016,2026-01-03,P002,B005,C0056,Online,3,3200,0.0,9600.0,5782.18,3817.82
S00017,2026-02-10,P008,B001,C0098,Corporate,3,1800,0.0,5400.0,4181.64,1218.36
S00018,2026-02-15,P009,B001,C0026,Corporate,1,3100,0.15,2635.0,2112.75,522.25
S00019,2026-02-09,P006,B002,C0077,Online,3,780,0.1,2106.0,1787.05,318.95
S00020,2026-03-24,P008,B001,C0031,Store,1,1800,0.0,1800.0,1130.2,669.8
S00021,2026-05-26,P002,B001,C0017,Online,3,3200,0.1,8640.0,7038.4,1601.6
S00022,2026-06-18,P008,B005,C0028,Store,2,1800,0.1,3240.0,2392.66,847.34
S00023,2026-05-19,P004,B003,C0067,Store,2,420,0.0,840.0,560.8,279.2
S00024,2026-04-26,P002,B002,C0076,Store,1,3200,0.1,2880.0,2210.51,669.49
S00025,2026-02-26,P001,B001,C0043,Online,1,4200,0.0,4200.0,3196.55,1003.45
S00026,2026-01-19,P009,B002,C0074,Store,2,3100,0.1,5580.0,3760.07,1819.93
S00027,2026-05-28,P008,B002,C0085,Online,3,1800,0.0,5400.0,3233.87,2166.13
S00028,2026-04-21,P006,B004,C0083,Store,3,780,0.0,2340.0,1672.33,667.67
S00029,2026-01-26,P001,B004,C0025,Online,3,4200,0.0,12600.0,7934.61,4665.39
S00030,2026-05-18,P008,B002,C0010,Store,1,1800,0.0,1800.0,1358.81,441.19
S00031,2026-04-24,P009,B001,C0097,Store,5,3100,0.0,15500.0,11993.89,3506.11
S00032,2026-03-02,P003,B004,C0022,Online,1,950,0.05,902.5,722.46,180.04
S00033,2026-04-08,P001,B004,C0090,Store,3,4200,0.05,11970.0,8026.83,3943.17
S00034,2026-05-23,P008,B002,C0070,Store,1,1800,0.0,1800.0,1252.5,547.5
S00035,2026-01-16,P006,B001,C0066,Store,2,780,0.1,1404.0,953.92,450.08
S00036,2026-01-21,P003,B001,C0073,Online,2,950,0.0,1900.0,1255.43,644.57
S00037,2026-03-05,P010,B005,C0067,Store,1,190,0.15,161.5,132.38,29.12
S00038,2026-03-22,P005,B002,C0086,Online,1,360,0.0,360.0,237.3,122.7
S00039,2026-06-15,P005,B004,C0080,Store,3,360,0.0,1080.0,628.41,451.59
S00040,2026-05-25,P002,B001,C0009,Online,2,3200,0.0,6400.0,4906.57,1493.43
S00041,2026-03-04,P006,B003,C0084,Store,3,780,0.15,1989.0,1498.78,490.22
S00042,2026-05-16,P001,B005,C0014,Store,2,4200,0.0,8400.0,5316.3,3083.7
S00043,2026-05-22,P003,B003,C0082,Store,1,950,0.0,950.0,589.68,360.32
S00044,2026-03-09,P009,B004,C0055,Store,4,3100,0.0,12400.0,7420.9,4979.1
S00045,2026-03-12,P001,B001,C0057,Store,1,4200,0.0,4200.0,2571.73,1628.27
S00046,2026-05-22,P007,B005,C0070,Store,1,1250,0.15,1062.5,950.98,111.52
S00047,2026-01-10,P006,B005,C0006,Online,1,780,0.0,780.0,500.49,279.51
S00048,2026-04-02,P004,B002,C0053,Online,1,420,0.1,378.0,317.87,60.13
S00049,2026-06-08,P003,B002,C0004,Corporate,5,950,0.0,4750.0,3592.35,1157.65
S00050,2026-02-15,P006,B004,C0090,Online,3,780,0.0,2340.0,1482.07,857.93
S00051,2026-01-28,P007,B001,C0030,Corporate,1,1250,0.05,1187.5,812.41,375.09
S00052,2026-02-27,P001,B002,C0036,Store,1,4200,0.0,4200.0,3248.19,951.81
S00053,2026-03-31,P009,B004,C0015,Online,3,3100,0.0,9300.0,7140.98,2159.02
S00054,2026-03-08,P003,B005,C0045,Corporate,1,950,0.0,950.0,664.35,285.65
S00055,2026-03-22,P007,B005,C0006,Corporate,1,1250,0.1,1125.0,772.52,352.48
S00056,2026-07-01,P007,B001,C0095,Online,3,1250,0.15,3187.5,2714.57,472.93
S00057,2026-06-21,P004,B003,C0085,Store,4,420,0.0,1680.0,1183.78,496.22
S00058,2026-02-01,P005,B005,C0071,Store,1,360,0.05,342.0,259.0,83.0
S00059,2026-02-02,P004,B004,C0079,Online,1,420,0.15,357.0,319.44,37.56
S00060,2026-05-26,P005,B004,C0075,Online,1,360,0.0,360.0,223.93,136.07
S00061,2026-06-05,P006,B004,C0095,Store,2,780,0.1,1404.0,1052.43,351.57
S00062,2026-02-13,P002,B003,C0097,Online,2,3200,0.0,6400.0,3831.54,2568.46
S00063,2026-03-02,P005,B002,C0061,Online,1,360,0.0,360.0,226.43,133.57
S00064,2026-06-06,P002,B004,C0050,Store,2,3200,0.0,6400.0,4631.48,1768.52
S00065,2026-05-07,P007,B002,C0029,Store,2,1250,0.0,2500.0,1839.21,660.79
S00066,2026-02-15,P009,B004,C0060,Store,1,3100,0.0,3100.0,2081.01,1018.99
S00067,2026-06-20,P009,B005,C0093,Online,4,3100,0.05,11780.0,8711.38,3068.62
S00068,2026-05-10,P007,B005,C0097,Store,1,1250,0.05,1187.5,837.52,349.98
S00069,2026-03-05,P005,B005,C0037,Online,1,360,0.05,342.0,214.38,127.62
S00070,2026-03-02,P005,B003,C0050,Store,2,360,0.0,720.0,439.32,280.68
S00071,2026-06-27,P003,B002,C0008,Store,1,950,0.1,855.0,639.53,215.47
S00072,2026-02-22,P007,B004,C0098,Corporate,2,1250,0.15,2125.0,1459.77,665.23
S00073,2026-05-28,P007,B004,C0054,Store,1,1250,0.05,1187.5,938.36,249.14
S00074,2026-05-18,P009,B005,C0004,Corporate,2,3100,0.0,6200.0,4136.44,2063.56
S00075,2026-04-10,P006,B004,C0069,Online,3,780,0.0,2340.0,1816.18,523.82
S00076,2026-01-07,P007,B005,C0060,Online,1,1250,0.15,1062.5,832.15,230.35
S00077,2026-02-16,P001,B003,C0049,Store,1,4200,0.0,4200.0,2719.5,1480.5
S00078,2026-03-13,P007,B003,C0045,Online,2,1250,0.15,2125.0,1719.71,405.29
S00079,2026-02-27,P002,B001,C0080,Online,4,3200,0.0,12800.0,9572.43,3227.57
S00080,2026-02-09,P004,B002,C0033,Online,1,420,0.0,420.0,282.66,137.34
S00081,2026-04-05,P003,B005,C0021,Online,2,950,0.0,1900.0,1397.56,502.44
S00082,2026-03-21,P002,B005,C0049,Store,1,3200,0.15,2720.0,2437.14,282.86
S00083,2026-04-12,P004,B001,C0099,Online,3,420,0.0,1260.0,756.48,503.52
S00084,2026-03-19,P010,B001,C0055,Online,2,190,0.0,380.0,246.79,133.21
S00085,2026-06-19,P006,B001,C0014,Online,1,780,0.05,741.0,580.68,160.32
S00086,2026-04-21,P006,B004,C0084,Online,1,780,0.15,663.0,533.79,129.21
S00087,2026-03-11,P010,B005,C0042,Online,2,190,0.15,323.0,265.43,57.57
S00088,2026-03-04,P002,B003,C0086,Corporate,1,3200,0.05,3040.0,2220.7,819.3
S00089,2026-04-08,P006,B001,C0034,Online,1,780,0.05,741.0,485.49,255.51
S00090,2026-03-29,P005,B005,C0025,Online,1,360,0.0,360.0,246.0,114.0
S00091,2026-01-22,P004,B004,C0092,Online,3,420,0.15,1071.0,850.78,220.22
S00092,2026-05-06,P008,B001,C0085,Store,1,1800,0.15,1530.0,1131.59,398.41
S00093,2026-05-29,P006,B004,C0046,Online,1,780,0.15,663.0,538.26,124.74
S00094,2026-06-29,P008,B003,C0016,Store,1,1800,0.15,1530.0,1113.33,416.67
S00095,2026-05-18,P003,B002,C0098,Store,2,950,0.15,1615.0,1326.04,288.96
S00096,2026-05-15,P010,B003,C0023,Corporate,3,190,0.0,570.0,356.53,213.47
S00097,2026-03-19,P001,B005,C0090,Store,1,4200,0.0,4200.0,2900.82,1299.18
S00098,2026-02-02,P008,B001,C0044,Corporate,2,1800,0.05,3420.0,2432.67,987.33
S00099,2026-02-17,P001,B003,C0010,Corporate,2,4200,0.0,8400.0,5545.19,2854.81
S00100,2026-05-28,P001,B002,C0032,Store,2,4200,0.0,8400.0,5015.1,3384.9
S00101,2026-01-31,P009,B004,C0049,Online,3,3100,0.0,9300.0,6836.79,2463.21
S00102,2026-04-26,P008,B003,C0008,Corporate,5,1800,0.0,9000.0,6243.53,2756.47
S00103,2026-06-06,P002,B002,C0023,Online,1,3200,0.0,3200.0,1956.52,1243.48
S00104,2026-05-22,P002,B002,C0005,Store,2,3200,0.1,5760.0,4313.49,1446.51
S00105,2026-03-01,P005,B003,C0034,Online,2,360,0.15,612.0,451.21,160.79
S00106,2026-06-10,P010,B002,C0035,Store,2,190,0.15,323.0,231.72,91.28
S00107,2026-02-06,P002,B001,C0037,Store,1,3200,0.15,2720.0,2383.51,336.49
S00108,2026-04-23,P002,B004,C0064,Online,2,3200,0.0,6400.0,4352.6,2047.4
S00109,2026-04-23,P002,B005,C0004,Store,1,3200,0.0,3200.0,2242.38,957.62
S00110,2026-01-24,P004,B005,C0074,Online,1,420,0.15,357.0,312.6,44.4
S00111,2026-01-11,P003,B004,C0075,Online,1,950,0.0,950.0,585.48,364.52
S00112,2026-04-22,P008,B001,C0021,Online,1,1800,0.0,1800.0,1285.25,514.75
S00113,2026-03-26,P007,B004,C0012,Store,4,1250,0.1,4500.0,2936.7,1563.3
S00114,2026-03-22,P005,B003,C0001,Store,3,360,0.1,972.0,804.58,167.42
S00115,2026-06-18,P009,B004,C0064,Store,1,3100,0.0,3100.0,2184.03,915.97
S00116,2026-06-10,P008,B001,C0090,Store,2,1800,0.0,3600.0,2403.44,1196.56
S00117,2026-05-05,P002,B001,C0040,Corporate,2,3200,0.0,6400.0,4620.52,1779.48
S00118,2026-05-22,P001,B005,C0016,Store,1,4200,0.0,4200.0,2823.62,1376.38
S00119,2026-06-15,P003,B004,C0062,Corporate,1,950,0.15,807.5,602.95,204.55
S00120,2026-05-01,P004,B004,C0018,Online,1,420,0.1,378.0,286.29,91.71
S00121,2026-01-18,P005,B004,C0037,Store,3,360,0.0,1080.0,803.64,276.36
S00122,2026-03-18,P010,B005,C0062,Corporate,2,190,0.0,380.0,254.34,125.66
S00123,2026-03-30,P006,B005,C0090,Online,1,780,0.0,780.0,588.06,191.94
S00124,2026-03-03,P010,B004,C0061,Store,3,190,0.0,570.0,366.87,203.13
S00125,2026-06-30,P007,B004,C0064,Corporate,3,1250,0.15,3187.5,2910.61,276.89
S00126,2026-01-10,P003,B005,C0057,Corporate,1,950,0.0,950.0,717.1,232.9
S00127,2026-01-26,P009,B004,C0010,Store,1,3100,0.15,2635.0,2399.37,235.63
S00128,2026-05-01,P005,B003,C0087,Online,1,360,0.0,360.0,270.13,89.87
S00129,2026-05-17,P007,B003,C0005,Online,3,1250,0.05,3562.5,2829.29,733.21
S00130,2026-06-08,P002,B002,C0056,Online,4,3200,0.0,12800.0,9335.72,3464.28
S00131,2026-01-26,P002,B004,C0008,Store,1,3200,0.0,3200.0,1885.43,1314.57
S00132,2026-03-17,P006,B003,C0024,Store,1,780,0.05,741.0,540.68,200.32
S00133,2026-02-13,P003,B001,C0075,Online,1,950,0.15,807.5,596.76,210.74
S00134,2026-02-06,P004,B004,C0060,Online,2,420,0.15,714.0,488.78,225.22
S00135,2026-03-15,P009,B002,C0055,Store,4,3100,0.1,11160.0,7933.9,3226.1
S00136,2026-06-26,P005,B004,C0014,Online,1,360,0.05,342.0,270.24,71.76
S00137,2026-03-02,P007,B005,C0085,Store,1,1250,0.15,1062.5,798.81,263.69
S00138,2026-04-12,P005,B001,C0078,Online,2,360,0.15,612.0,557.8,54.2
S00139,2026-05-08,P005,B002,C0033,Online,1,360,0.15,306.0,222.49,83.51
S00140,2026-06-23,P003,B001,C0005,Corporate,2,950,0.0,1900.0,1401.67,498.33
S00141,2026-05-29,P006,B002,C0026,Store,1,780,0.15,663.0,517.22,145.78
S00142,2026-02-03,P009,B003,C0062,Online,4,3100,0.0,12400.0,7829.29,4570.71
S00143,2026-03-17,P006,B001,C0093,Online,1,780,0.0,780.0,586.58,193.42
S00144,2026-06-22,P007,B005,C0016,Store,3,1250,0.0,3750.0,2373.34,1376.66
S00145,2026-04-27,P006,B003,C0030,Online,3,780,0.0,2340.0,1407.91,932.09
S00146,2026-05-01,P001,B005,C0009,Corporate,2,4200,0.1,7560.0,5243.9,2316.1
S00147,2026-06-12,P008,B003,C0039,Online,1,1800,0.0,1800.0,1384.65,415.35
S00148,2026-05-07,P002,B001,C0086,Store,2,3200,0.05,6080.0,4292.66,1787.34
S00149,2026-06-28,P009,B004,C0063,Online,2,3100,0.05,5890.0,4408.1,1481.9
S00150,2026-06-07,P007,B003,C0031,Store,1,1250,0.05,1187.5,836.17,351.33
S00151,2026-04-03,P002,B003,C0036,Online,5,3200,0.0,16000.0,9473.76,6526.24
S00152,2026-02-18,P002,B004,C0003,Store,1,3200,0.15,2720.0,2238.17,481.83
S00153,2026-01-13,P006,B002,C0098,Corporate,3,780,0.0,2340.0,1389.31,950.69
S00154,2026-05-22,P004,B005,C0077,Store,3,420,0.0,1260.0,925.94,334.06
S00155,2026-01-01,P005,B002,C0004,Corporate,2,360,0.0,720.0,433.43,286.57
S00156,2026-02-03,P001,B003,C0034,Online,1,4200,0.0,4200.0,2449.26,1750.74
S00157,2026-01-14,P003,B004,C0047,Online,2,950,0.05,1805.0,1272.34,532.66
S00158,2026-05-12,P010,B001,C0085,Online,1,190,0.1,171.0,111.85,59.15
S00159,2026-05-14,P005,B004,C0055,Online,1,360,0.05,342.0,269.81,72.19
S00160,2026-06-25,P002,B004,C0019,Online,1,3200,0.0,3200.0,2062.15,1137.85
S00161,2026-01-17,P003,B003,C0077,Online,2,950,0.15,1615.0,1225.57,389.43
S00162,2026-05-16,P005,B004,C0084,Online,1,360,0.15,306.0,217.04,88.96
S00163,2026-06-16,P009,B002,C0059,Store,3,3100,0.05,8835.0,6024.41,2810.59
S00164,2026-04-13,P007,B001,C0020,Store,1,1250,0.0,1250.0,818.58,431.42
S00165,2026-06-25,P008,B001,C0095,Store,1,1800,0.05,1710.0,1078.76,631.24
S00166,2026-04-06,P003,B005,C0016,Store,4,950,0.1,3420.0,2454.53,965.47
S00167,2026-04-16,P006,B004,C0046,Corporate,2,780,0.0,1560.0,1092.13,467.87
S00168,2026-01-27,P010,B005,C0045,Store,2,190,0.0,380.0,284.79,95.21
S00169,2026-05-23,P006,B001,C0099,Online,2,780,0.05,1482.0,1168.49,313.51
S00170,2026-06-09,P010,B005,C0024,Store,4,190,0.15,646.0,481.45,164.55
S00171,2026-03-11,P005,B003,C0052,Store,1,360,0.0,360.0,249.58,110.42
S00172,2026-01-18,P003,B001,C0044,Store,2,950,0.05,1805.0,1261.54,543.46
S00173,2026-02-10,P006,B003,C0007,Online,3,780,0.1,2106.0,1636.23,469.77
S00174,2026-02-09,P003,B005,C0063,Store,1,950,0.05,902.5,676.77,225.73
S00175,2026-06-05,P008,B004,C0015,Store,3,1800,0.0,5400.0,3504.79,1895.21
S00176,2026-03-14,P010,B004,C0077,Online,1,190,0.0,190.0,125.22,64.78
S00177,2026-01-15,P001,B002,C0038,Store,1,4200,0.0,4200.0,3077.9,1122.1
S00178,2026-03-25,P002,B001,C0091,Online,1,3200,0.0,3200.0,2099.33,1100.67
S00179,2026-02-28,P009,B005,C0095,Online,3,3100,0.0,9300.0,6132.55,3167.45
S00180,2026-01-11,P007,B001,C0074,Online,1,1250,0.0,1250.0,868.94,381.06
S00181,2026-04-14,P007,B003,C0080,Store,1,1250,0.0,1250.0,767.97,482.03
S00182,2026-04-28,P006,B001,C0068,Store,1,780,0.05,741.0,544.26,196.74
S00183,2026-01-21,P007,B003,C0082,Online,1,1250,0.0,1250.0,744.09,505.91
S00184,2026-01-30,P009,B005,C0083,Store,3,3100,0.0,9300.0,6746.93,2553.07
S00185,2026-02-07,P004,B001,C0098,Store,1,420,0.1,378.0,256.44,121.56
S00186,2026-06-17,P002,B002,C0098,Corporate,2,3200,0.05,6080.0,4677.69,1402.31
S00187,2026-05-29,P008,B005,C0081,Online,5,1800,0.0,9000.0,6775.64,2224.36
S00188,2026-03-22,P003,B004,C0076,Store,1,950,0.0,950.0,702.3,247.7
S00189,2026-01-15,P006,B005,C0037,Store,2,780,0.0,1560.0,922.55,637.45
S00190,2026-01-20,P002,B005,C0095,Online,1,3200,0.1,2880.0,2210.76,669.24
S00191,2026-01-11,P008,B005,C0008,Online,1,1800,0.05,1710.0,1224.49,485.51
S00192,2026-04-26,P002,B003,C0032,Corporate,1,3200,0.15,2720.0,1966.44,753.56
S00193,2026-07-01,P008,B004,C0037,Online,2,1800,0.0,3600.0,2356.45,1243.55
S00194,2026-04-10,P007,B003,C0009,Online,1,1250,0.15,1062.5,886.83,175.67
S00195,2026-03-26,P002,B005,C0078,Online,1,3200,0.15,2720.0,2401.0,319.0
S00196,2026-02-08,P006,B001,C0084,Online,1,780,0.0,780.0,500.8,279.2
S00197,2026-06-28,P007,B002,C0083,Online,4,1250,0.0,5000.0,3458.92,1541.08
S00198,2026-03-26,P003,B005,C0047,Store,2,950,0.1,1710.0,1239.49,470.51
S00199,2026-03-21,P003,B002,C0018,Store,3,950,0.0,2850.0,1782.13,1067.87
S00200,2026-02-09,P002,B003,C0068,Online,1,3200,0.1,2880.0,2390.48,489.52
S00201,2026-01-10,P006,B005,C0089,Store,1,780,0.0,780.0,480.61,299.39
S00202,2026-06-09,P003,B004,C0057,Store,1,950,0.15,807.5,596.13,211.37
S00203,2026-06-06,P005,B004,C0025,Store,1,360,0.05,342.0,273.89,68.11
S00204,2026-04-05,P010,B004,C0054,Online,1,190,0.05,180.5,129.31,51.19
S00205,2026-02-11,P004,B005,C0048,Store,1,420,0.15,357.0,283.97,73.03
S00206,2026-05-22,P002,B005,C0066,Corporate,1,3200,0.0,3200.0,2030.59,1169.41
S00207,2026-02-07,P007,B001,C0004,Corporate,1,1250,0.05,1187.5,946.16,241.34
S00208,2026-04-17,P001,B004,C0004,Online,1,4200,0.0,4200.0,2750.93,1449.07
S00209,2026-03-23,P002,B003,C0061,Online,1,3200,0.0,3200.0,2443.13,756.87
S00210,2026-06-28,P003,B004,C0028,Store,1,950,0.0,950.0,554.61,395.39
S00211,2026-02-08,P009,B005,C0016,Online,1,3100,0.0,3100.0,1945.34,1154.66
S00212,2026-01-13,P004,B004,C0064,Online,2,420,0.0,840.0,505.82,334.18
S00213,2026-06-02,P009,B001,C0055,Online,2,3100,0.15,5270.0,3774.04,1495.96
S00214,2026-01-01,P010,B003,C0068,Store,1,190,0.15,161.5,135.59,25.91
S00215,2026-04-03,P002,B005,C0050,Online,3,3200,0.1,8640.0,6631.97,2008.03
S00216,2026-05-01,P001,B004,C0009,Corporate,1,4200,0.0,4200.0,2735.96,1464.04
S00217,2026-03-30,P004,B001,C0046,Online,2,420,0.0,840.0,509.61,330.39
S00218,2026-05-20,P006,B002,C0024,Online,2,780,0.15,1326.0,1054.1,271.9
S00219,2026-02-04,P002,B004,C0041,Store,1,3200,0.0,3200.0,2422.91,777.09
S00220,2026-03-21,P009,B004,C0083,Corporate,2,3100,0.0,6200.0,3641.41,2558.59
S00221,2026-02-18,P005,B003,C0016,Corporate,1,360,0.15,306.0,232.7,73.3
S00222,2026-04-05,P007,B004,C0024,Online,3,1250,0.05,3562.5,2429.28,1133.22
S00223,2026-05-08,P008,B003,C0011,Corporate,2,1800,0.0,3600.0,2611.5,988.5
S00224,2026-04-21,P010,B002,C0038,Online,1,190,0.0,190.0,122.66,67.34
S00225,2026-03-20,P008,B005,C0006,Online,1,1800,0.05,1710.0,1170.56,539.44
S00226,2026-04-01,P010,B004,C0082,Store,5,190,0.0,950.0,565.26,384.74
S00227,2026-04-14,P006,B005,C0078,Online,2,780,0.0,1560.0,949.35,610.65
S00228,2026-06-23,P008,B001,C0050,Store,1,1800,0.15,1530.0,1175.88,354.12
S00229,2026-05-26,P001,B005,C0098,Store,1,4200,0.0,4200.0,2748.49,1451.51
S00230,2026-01-20,P010,B002,C0015,Online,1,190,0.15,161.5,120.79,40.71
S00231,2026-01-07,P003,B004,C0034,Online,4,950,0.0,3800.0,2402.95,1397.05
S00232,2026-06-30,P008,B002,C0018,Corporate,1,1800,0.05,1710.0,1116.06,593.94
S00233,2026-01-19,P008,B002,C0041,Corporate,1,1800,0.0,1800.0,1335.78,464.22
S00234,2026-06-20,P006,B001,C0092,Online,1,780,0.0,780.0,585.21,194.79
S00235,2026-07-01,P003,B003,C0031,Online,1,950,0.0,950.0,701.49,248.51
S00236,2026-05-07,P001,B003,C0012,Online,1,4200,0.1,3780.0,2545.01,1234.99
S00237,2026-01-17,P005,B004,C0053,Corporate,2,360,0.1,648.0,476.75,171.25
S00238,2026-05-28,P002,B002,C0067,Corporate,2,3200,0.05,6080.0,4308.27,1771.73
S00239,2026-03-30,P003,B005,C0008,Online,1,950,0.0,950.0,633.2,316.8
S00240,2026-02-01,P009,B002,C0067,Store,1,3100,0.15,2635.0,1937.79,697.21
S00241,2026-03-14,P002,B003,C0039,Store,4,3200,0.0,12800.0,7744.44,5055.56
S00242,2026-06-07,P009,B001,C0085,Online,1,3100,0.1,2790.0,1893.6,896.4
S00243,2026-06-09,P010,B003,C0083,Online,2,190,0.0,380.0,226.57,153.43
S00244,2026-05-28,P005,B002,C0081,Online,1,360,0.15,306.0,210.98,95.02
S00245,2026-05-20,P005,B003,C0059,Online,3,360,0.15,918.0,714.12,203.88
S00246,2026-01-19,P001,B002,C0019,Store,2,4200,0.0,8400.0,5443.52,2956.48
S00247,2026-03-22,P006,B003,C0014,Corporate,1,780,0.0,780.0,532.74,247.26
S00248,2026-03-23,P004,B004,C0038,Store,1,420,0.0,420.0,251.73,168.27
S00249,2026-04-09,P010,B004,C0074,Store,3,190,0.0,570.0,423.34,146.66
S00250,2026-03-22,P004,B002,C0064,Online,2,420,0.05,798.0,634.88,163.12
S00251,2026-01-06,P002,B004,C0007,Online,4,3200,0.0,12800.0,8917.36,3882.64
S00252,2026-01-13,P005,B004,C0069,Online,3,360,0.15,918.0,728.05,189.95
S00253,2026-01-03,P002,B004,C0047,Store,1,3200,0.0,3200.0,2344.87,855.13
S00254,2026-01-12,P007,B001,C0050,Online,1,1250,0.1,1125.0,797.15,327.85
S00255,2026-05-10,P008,B005,C0017,Store,5,1800,0.15,7650.0,6319.88,1330.12
S00256,2026-01-25,P007,B003,C0026,Online,1,1250,0.0,1250.0,913.74,336.26
S00257,2026-06-04,P009,B004,C0061,Online,1,3100,0.0,3100.0,2240.43,859.57
S00258,2026-05-13,P008,B002,C0041,Online,2,1800,0.0,3600.0,2758.59,841.41
S00259,2026-02-11,P007,B005,C0066,Online,1,1250,0.0,1250.0,851.83,398.17
S00260,2026-05-17,P008,B005,C0015,Store,3,1800,0.0,5400.0,3489.74,1910.26
S00261,2026-04-17,P010,B003,C0077,Online,2,190,0.15,323.0,268.22,54.78
S00262,2026-05-02,P005,B005,C0068,Online,2,360,0.1,648.0,486.78,161.22
S00263,2026-06-11,P010,B004,C0090,Store,2,190,0.0,380.0,263.92,116.08
S00264,2026-01-29,P004,B001,C0053,Store,1,420,0.05,399.0,301.6,97.4
S00265,2026-05-09,P010,B004,C0067,Corporate,2,190,0.0,380.0,274.04,105.96
S00266,2026-02-23,P009,B003,C0023,Corporate,2,3100,0.05,5890.0,3985.05,1904.95
S00267,2026-04-28,P009,B003,C0089,Online,2,3100,0.15,5270.0,4440.12,829.88
S00268,2026-03-09,P010,B004,C0039,Store,1,190,0.1,171.0,121.54,49.46
S00269,2026-03-15,P004,B004,C0016,Store,1,420,0.15,357.0,266.57,90.43
S00270,2026-05-27,P009,B004,C0019,Corporate,1,3100,0.0,3100.0,2389.86,710.14
S00271,2026-03-16,P001,B003,C0096,Corporate,1,4200,0.05,3990.0,2987.02,1002.98
S00272,2026-05-03,P004,B002,C0018,Online,1,420,0.1,378.0,302.08,75.92
S00273,2026-01-28,P010,B005,C0030,Store,1,190,0.1,171.0,118.78,52.22
S00274,2026-01-14,P002,B004,C0001,Store,2,3200,0.15,5440.0,4698.58,741.42
S00275,2026-05-21,P003,B004,C0026,Online,3,950,0.05,2707.5,1925.15,782.35
S00276,2026-03-15,P006,B003,C0030,Online,4,780,0.0,3120.0,2216.63,903.37
S00277,2026-05-17,P001,B002,C0051,Store,3,4200,0.0,12600.0,9820.87,2779.13
S00278,2026-05-07,P003,B003,C0043,Corporate,1,950,0.1,855.0,665.53,189.47
S00279,2026-03-14,P008,B005,C0060,Online,3,1800,0.0,5400.0,4051.14,1348.86
S00280,2026-03-11,P004,B001,C0024,Store,2,420,0.15,714.0,530.42,183.58
S00281,2026-01-04,P006,B003,C0082,Online,3,780,0.0,2340.0,1643.13,696.87
S00282,2026-04-14,P007,B005,C0018,Store,1,1250,0.0,1250.0,771.2,478.8
S00283,2026-05-03,P006,B002,C0043,Store,1,780,0.05,741.0,569.99,171.01
S00284,2026-03-19,P010,B005,C0086,Store,2,190,0.15,323.0,238.36,84.64
S00285,2026-01-31,P008,B003,C0089,Store,2,1800,0.15,3060.0,2642.29,417.71
S00286,2026-01-31,P005,B003,C0059,Online,1,360,0.0,360.0,243.23,116.77
S00287,2026-06-05,P006,B004,C0028,Online,4,780,0.1,2808.0,2310.04,497.96
S00288,2026-03-05,P010,B001,C0073,Online,2,190,0.0,380.0,226.34,153.66
S00289,2026-01-29,P001,B005,C0042,Corporate,1,4200,0.1,3780.0,2561.88,1218.12
S00290,2026-05-14,P008,B001,C0066,Online,2,1800,0.05,3420.0,2153.48,1266.52
S00291,2026-04-25,P001,B004,C0060,Store,1,4200,0.1,3780.0,2484.5,1295.5
S00292,2026-06-22,P005,B001,C0010,Store,3,360,0.15,918.0,673.47,244.53
S00293,2026-01-12,P007,B003,C0009,Online,2,1250,0.0,2500.0,1917.29,582.71
S00294,2026-05-01,P001,B003,C0083,Store,3,4200,0.15,10710.0,9773.4,936.6
S00295,2026-04-18,P006,B004,C0088,Store,4,780,0.05,2964.0,2044.0,920.0
S00296,2026-06-19,P009,B002,C0051,Online,1,3100,0.0,3100.0,2413.57,686.43
S00297,2026-05-16,P003,B002,C0093,Online,3,950,0.0,2850.0,1916.91,933.09
S00298,2026-05-20,P007,B005,C0036,Store,1,1250,0.05,1187.5,811.54,375.96
S00299,2026-02-18,P002,B001,C0009,Online,1,3200,0.0,3200.0,2010.03,1189.97
S00300,2026-01-26,P010,B001,C0006,Store,2,190,0.0,380.0,239.0,141.0
S00301,2026-04-13,P008,B002,C0038,Online,3,1800,0.0,5400.0,3283.35,2116.65
S00302,2026-03-01,P010,B003,C0019,Online,3,190,0.0,570.0,357.61,212.39
S00303,2026-06-19,P009,B002,C0095,Store,1,3100,0.1,2790.0,2386.08,403.92
S00304,2026-02-14,P007,B005,C0068,Online,5,1250,0.15,5312.5,4464.18,848.32
S00305,2026-03-23,P007,B004,C0029,Store,1,1250,0.1,1125.0,843.38,281.62
S00306,2026-03-18,P003,B004,C0018,Corporate,2,950,0.05,1805.0,1313.77,491.23
S00307,2026-04-10,P004,B003,C0012,Store,2,420,0.05,798.0,629.52,168.48
S00308,2026-05-18,P004,B001,C0010,Store,2,420,0.1,756.0,493.84,262.16
S00309,2026-02-18,P010,B005,C0002,Store,1,190,0.0,190.0,121.72,68.28
S00310,2026-02-24,P004,B001,C0091,Online,3,420,0.0,1260.0,906.1,353.9
S00311,2026-02-22,P007,B002,C0084,Online,3,1250,0.05,3562.5,2524.69,1037.81
S00312,2026-04-02,P005,B003,C0093,Store,3,360,0.05,1026.0,647.7,378.3
S00313,2026-05-01,P006,B002,C0095,Store,1,780,0.1,702.0,587.2,114.8
S00314,2026-02-07,P001,B003,C0020,Online,2,4200,0.15,7140.0,5573.53,1566.47
S00315,2026-02-20,P006,B002,C0088,Store,3,780,0.05,2223.0,1614.9,608.1
S00316,2026-03-28,P005,B004,C0094,Corporate,2,360,0.05,684.0,483.96,200.04
S00317,2026-04-01,P003,B002,C0008,Online,2,950,0.1,1710.0,1478.32,231.68
S00318,2026-05-15,P001,B001,C0081,Corporate,2,4200,0.0,8400.0,5564.82,2835.18
S00319,2026-03-01,P002,B002,C0082,Store,2,3200,0.0,6400.0,3789.38,2610.62
S00320,2026-06-20,P010,B004,C0002,Online,1,190,0.1,171.0,131.16,39.84
S00321,2026-01-05,P009,B003,C0087,Online,1,3100,0.1,2790.0,2302.16,487.84
S00322,2026-04-21,P003,B001,C0068,Corporate,2,950,0.0,1900.0,1174.93,725.07
S00323,2026-03-06,P006,B003,C0032,Online,1,780,0.05,741.0,524.0,217.0
S00324,2026-06-28,P004,B003,C0084,Online,3,420,0.15,1071.0,980.7,90.3
S00325,2026-01-09,P002,B004,C0090,Store,2,3200,0.0,6400.0,4527.04,1872.96
S00326,2026-02-13,P002,B004,C0013,Online,2,3200,0.0,6400.0,4436.3,1963.7
S00327,2026-05-16,P001,B002,C0006,Store,3,4200,0.1,11340.0,8506.26,2833.74
S00328,2026-01-20,P005,B005,C0027,Online,1,360,0.0,360.0,209.93,150.07
S00329,2026-05-31,P003,B004,C0050,Corporate,1,950,0.1,855.0,596.69,258.31
S00330,2026-06-23,P009,B003,C0065,Store,2,3100,0.15,5270.0,4493.96,776.04
S00331,2026-03-30,P001,B001,C0079,Store,3,4200,0.0,12600.0,8833.03,3766.97
S00332,2026-06-02,P007,B003,C0046,Store,1,1250,0.05,1187.5,847.65,339.85
S00333,2026-05-22,P007,B004,C0080,Store,2,1250,0.05,2375.0,1492.85,882.15
S00334,2026-03-17,P004,B001,C0020,Store,1,420,0.15,357.0,309.45,47.55
S00335,2026-04-10,P006,B003,C0098,Store,1,780,0.0,780.0,521.78,258.22
S00336,2026-03-11,P002,B002,C0053,Store,1,3200,0.1,2880.0,2211.03,668.97
S00337,2026-01-27,P001,B001,C0050,Store,1,4200,0.1,3780.0,3094.93,685.07
S00338,2026-01-04,P005,B004,C0032,Store,1,360,0.1,324.0,273.97,50.03
S00339,2026-05-27,P009,B002,C0064,Online,1,3100,0.0,3100.0,1984.7,1115.3
S00340,2026-02-07,P002,B002,C0047,Store,1,3200,0.05,3040.0,2356.91,683.09
S00341,2026-03-06,P004,B004,C0001,Online,1,420,0.0,420.0,254.98,165.02
S00342,2026-04-12,P006,B005,C0084,Store,3,780,0.05,2223.0,1513.86,709.14
S00343,2026-06-02,P003,B003,C0023,Store,4,950,0.0,3800.0,2568.05,1231.95
S00344,2026-04-12,P006,B003,C0042,Online,2,780,0.1,1404.0,1148.78,255.22
S00345,2026-04-07,P005,B004,C0070,Store,4,360,0.0,1440.0,1005.76,434.24
S00346,2026-02-16,P009,B001,C0038,Corporate,2,3100,0.15,5270.0,3855.96,1414.04
S00347,2026-06-27,P002,B004,C0085,Online,1,3200,0.0,3200.0,2010.89,1189.11
S00348,2026-02-09,P007,B004,C0069,Store,5,1250,0.05,5937.5,4352.81,1584.69
S00349,2026-05-10,P007,B005,C0069,Store,4,1250,0.15,4250.0,3795.5,454.5
S00350,2026-06-02,P002,B001,C0079,Online,2,3200,0.0,6400.0,3924.91,2475.09
S00351,2026-01-12,P010,B004,C0013,Corporate,1,190,0.05,180.5,114.23,66.27
S00352,2026-03-08,P004,B005,C0058,Online,2,420,0.15,714.0,583.84,130.16
S00353,2026-04-06,P007,B004,C0004,Online,2,1250,0.1,2250.0,1525.37,724.63
S00354,2026-05-04,P002,B003,C0094,Store,4,3200,0.0,12800.0,9552.17,3247.83
S00355,2026-02-06,P006,B003,C0061,Store,3,780,0.1,2106.0,1583.21,522.79
S00356,2026-01-25,P008,B004,C0044,Store,1,1800,0.15,1530.0,1085.43,444.57
S00357,2026-06-15,P002,B002,C0021,Corporate,2,3200,0.1,5760.0,3935.3,1824.7
S00358,2026-03-26,P009,B004,C0024,Corporate,1,3100,0.05,2945.0,2188.45,756.55
S00359,2026-06-13,P007,B004,C0055,Store,2,1250,0.0,2500.0,1674.79,825.21
S00360,2026-04-10,P001,B002,C0069,Store,3,4200,0.0,12600.0,8762.92,3837.08
S00361,2026-02-17,P006,B003,C0068,Store,1,780,0.15,663.0,586.97,76.03
S00362,2026-06-13,P006,B005,C0059,Store,1,780,0.0,780.0,506.68,273.32
S00363,2026-06-08,P003,B003,C0016,Corporate,2,950,0.15,1615.0,1152.9,462.1
S00364,2026-03-03,P005,B001,C0077,Store,2,360,0.1,648.0,473.54,174.46
S00365,2026-02-05,P010,B004,C0083,Store,2,190,0.1,342.0,273.1,68.9
S00366,2026-02-14,P009,B002,C0080,Online,1,3100,0.0,3100.0,2320.03,779.97
S00367,2026-01-14,P006,B001,C0065,Online,1,780,0.05,741.0,602.76,138.24
S00368,2026-06-17,P008,B004,C0011,Online,1,1800,0.05,1710.0,1219.93,490.07
S00369,2026-05-25,P001,B002,C0100,Store,1,4200,0.1,3780.0,2678.48,1101.52
S00370,2026-04-28,P010,B004,C0070,Online,1,190,0.0,190.0,120.38,69.62
S00371,2026-04-04,P009,B001,C0014,Online,1,3100,0.0,3100.0,2411.66,688.34
S00372,2026-06-17,P004,B003,C0012,Corporate,1,420,0.0,420.0,272.88,147.12
S00373,2026-04-23,P002,B002,C0091,Store,2,3200,0.15,5440.0,4160.81,1279.19
S00374,2026-06-06,P007,B002,C0073,Online,3,1250,0.0,3750.0,2779.08,970.92
S00375,2026-03-31,P009,B003,C0074,Online,1,3100,0.15,2635.0,1979.43,655.57
S00376,2026-03-10,P009,B001,C0036,Store,3,3100,0.05,8835.0,7102.91,1732.09
S00377,2026-06-17,P003,B002,C0087,Store,2,950,0.0,1900.0,1391.36,508.64
S00378,2026-04-11,P008,B002,C0010,Online,1,1800,0.05,1710.0,1179.06,530.94
S00379,2026-06-12,P002,B004,C0063,Online,1,3200,0.0,3200.0,2147.01,1052.99
S00380,2026-03-25,P010,B001,C0059,Corporate,3,190,0.0,570.0,413.93,156.07
S00381,2026-06-12,P006,B001,C0064,Online,1,780,0.05,741.0,581.08,159.92
S00382,2026-03-10,P006,B003,C0044,Store,2,780,0.1,1404.0,1170.76,233.24
S00383,2026-06-24,P001,B001,C0021,Store,3,4200,0.05,11970.0,7349.03,4620.97
S00384,2026-04-23,P008,B001,C0084,Corporate,1,1800,0.15,1530.0,1371.39,158.61
S00385,2026-03-19,P003,B003,C0084,Store,1,950,0.0,950.0,621.65,328.35
S00386,2026-02-12,P001,B004,C0012,Online,2,4200,0.0,8400.0,5593.11,2806.89
S00387,2026-06-30,P002,B001,C0088,Store,1,3200,0.1,2880.0,2000.76,879.24
S00388,2026-04-24,P001,B001,C0062,Online,3,4200,0.05,11970.0,9056.96,2913.04
S00389,2026-01-19,P004,B004,C0039,Store,3,420,0.0,1260.0,809.76,450.24
S00390,2026-02-05,P007,B002,C0002,Online,2,1250,0.0,2500.0,1715.25,784.75
S00391,2026-06-06,P003,B004,C0053,Store,1,950,0.15,807.5,579.76,227.74
S00392,2026-06-07,P008,B002,C0050,Store,1,1800,0.0,1800.0,1256.25,543.75
S00393,2026-03-31,P007,B003,C0071,Online,1,1250,0.15,1062.5,746.06,316.44
S00394,2026-06-03,P010,B005,C0085,Store,4,190,0.0,760.0,569.68,190.32
S00395,2026-03-19,P004,B005,C0007,Online,1,420,0.05,399.0,268.43,130.57
S00396,2026-03-03,P008,B004,C0002,Store,2,1800,0.1,3240.0,2139.13,1100.87
S00397,2026-04-03,P006,B002,C0088,Store,3,780,0.05,2223.0,1528.21,694.79
S00398,2026-02-14,P008,B001,C0008,Store,1,1800,0.0,1800.0,1121.67,678.33
S00399,2026-04-12,P009,B003,C0052,Online,2,3100,0.05,5890.0,4121.23,1768.77
S00400,2026-01-22,P009,B005,C0027,Online,1,3100,0.0,3100.0,1846.99,1253.01
S00401,2026-02-09,P009,B003,C0009,Store,2,3100,0.15,5270.0,4440.51,829.49
S00402,2026-03-21,P007,B002,C0079,Store,1,1250,0.05,1187.5,754.0,433.5
S00403,2026-06-05,P001,B003,C0091,Online,2,4200,0.0,8400.0,5072.66,3327.34
S00404,2026-02-05,P001,B002,C0093,Online,1,4200,0.1,3780.0,3093.71,686.29
S00405,2026-03-08,P003,B003,C0016,Store,3,950,0.0,2850.0,2070.77,779.23
S00406,2026-01-08,P006,B004,C0081,Store,1,780,0.15,663.0,604.51,58.49
S00407,2026-01-20,P008,B004,C0021,Online,1,1800,0.1,1620.0,1104.08,515.92
S00408,2026-03-07,P002,B005,C0006,Online,1,3200,0.15,2720.0,2181.65,538.35
S00409,2026-01-04,P004,B001,C0005,Online,1,420,0.0,420.0,258.63,161.37
S00410,2026-05-22,P007,B002,C0010,Store,1,1250,0.15,1062.5,804.98,257.52
S00411,2026-05-27,P006,B001,C0067,Online,4,780,0.0,3120.0,1948.87,1171.13
S00412,2026-01-12,P007,B001,C0071,Corporate,3,1250,0.0,3750.0,2420.48,1329.52
S00413,2026-04-27,P001,B003,C0032,Store,2,4200,0.0,8400.0,6114.49,2285.51
S00414,2026-04-29,P006,B005,C0070,Corporate,5,780,0.0,3900.0,2833.32,1066.68
S00415,2026-03-04,P003,B001,C0089,Corporate,1,950,0.1,855.0,616.82,238.18
S00416,2026-01-03,P006,B001,C0014,Online,1,780,0.15,663.0,565.85,97.15
S00417,2026-02-22,P009,B002,C0012,Store,4,3100,0.0,12400.0,8956.9,3443.1
S00418,2026-01-12,P004,B005,C0011,Store,3,420,0.05,1197.0,976.39,220.61
S00419,2026-05-29,P002,B005,C0008,Store,3,3200,0.0,9600.0,6704.44,2895.56
S00420,2026-04-22,P003,B002,C0095,Store,3,950,0.05,2707.5,2052.41,655.09
S00421,2026-03-25,P006,B004,C0099,Store,1,780,0.0,780.0,473.63,306.37
S00422,2026-05-30,P002,B002,C0069,Store,1,3200,0.0,3200.0,2116.17,1083.83
S00423,2026-04-02,P004,B004,C0088,Store,1,420,0.0,420.0,251.2,168.8
S00424,2026-03-19,P010,B001,C0032,Store,3,190,0.0,570.0,341.0,229.0
S00425,2026-04-02,P007,B005,C0052,Store,1,1250,0.0,1250.0,732.77,517.23
S00426,2026-04-26,P009,B005,C0008,Store,2,3100,0.0,6200.0,3746.6,2453.4
S00427,2026-02-26,P003,B002,C0011,Online,1,950,0.15,807.5,729.14,78.36
S00428,2026-05-30,P010,B003,C0083,Corporate,1,190,0.0,190.0,117.71,72.29
S00429,2026-04-24,P003,B001,C0060,Corporate,3,950,0.0,2850.0,1722.84,1127.16
S00430,2026-01-13,P003,B005,C0088,Store,2,950,0.05,1805.0,1113.2,691.8
S00431,2026-04-20,P003,B003,C0020,Store,1,950,0.0,950.0,635.74,314.26
S00432,2026-01-09,P010,B005,C0071,Online,2,190,0.05,361.0,251.71,109.29
S00433,2026-05-03,P001,B001,C0068,Store,1,4200,0.0,4200.0,2975.83,1224.17
S00434,2026-03-05,P009,B001,C0063,Corporate,3,3100,0.0,9300.0,6286.21,3013.79
S00435,2026-03-30,P010,B005,C0029,Store,1,190,0.0,190.0,122.32,67.68
S00436,2026-01-08,P005,B001,C0030,Online,2,360,0.0,720.0,528.03,191.97
S00437,2026-02-10,P002,B002,C0029,Online,1,3200,0.15,2720.0,1891.78,828.22
S00438,2026-05-28,P007,B003,C0076,Corporate,5,1250,0.0,6250.0,3845.13,2404.87
S00439,2026-03-23,P006,B005,C0073,Store,2,780,0.1,1404.0,1080.65,323.35
S00440,2026-02-18,P008,B005,C0078,Store,2,1800,0.0,3600.0,2128.44,1471.56
S00441,2026-02-26,P001,B005,C0017,Online,1,4200,0.1,3780.0,2605.23,1174.77
S00442,2026-03-29,P003,B003,C0100,Store,1,950,0.15,807.5,725.27,82.23
S00443,2026-01-29,P009,B003,C0013,Corporate,1,3100,0.15,2635.0,2043.27,591.73
S00444,2026-03-28,P005,B003,C0063,Store,1,360,0.05,342.0,265.81,76.19
S00445,2026-06-16,P006,B002,C0029,Online,2,780,0.1,1404.0,1150.34,253.66
S00446,2026-06-20,P010,B002,C0094,Store,2,190,0.0,380.0,230.08,149.92
S00447,2026-01-01,P010,B004,C0078,Corporate,3,190,0.1,513.0,334.29,178.71
S00448,2026-03-23,P010,B002,C0096,Online,1,190,0.05,180.5,115.54,64.96
S00449,2026-01-20,P004,B003,C0086,Corporate,1,420,0.0,420.0,312.62,107.38
S00450,2026-06-13,P006,B004,C0033,Store,1,780,0.15,663.0,462.98,200.02
S00451,2026-01-28,P001,B001,C0064,Store,2,4200,0.0,8400.0,6358.05,2041.95
S00452,2026-04-07,P006,B005,C0088,Store,3,780,0.1,2106.0,1661.85,444.15
S00453,2026-02-27,P003,B004,C0034,Store,3,950,0.0,2850.0,1664.44,1185.56
S00454,2026-01-27,P002,B003,C0012,Store,1,3200,0.15,2720.0,1904.0,816.0
S00455,2026-03-28,P010,B005,C0022,Corporate,2,190,0.05,361.0,292.03,68.97
S00456,2026-06-05,P007,B002,C0071,Store,1,1250,0.0,1250.0,827.32,422.68
S00457,2026-05-19,P005,B003,C0063,Store,1,360,0.05,342.0,249.97,92.03
S00458,2026-02-09,P001,B003,C0062,Store,1,4200,0.15,3570.0,2961.08,608.92
S00459,2026-02-21,P002,B001,C0015,Store,2,3200,0.0,6400.0,4318.17,2081.83
S00460,2026-03-20,P007,B004,C0050,Online,2,1250,0.0,2500.0,1770.93,729.07
S00461,2026-02-17,P006,B004,C0034,Store,1,780,0.0,780.0,521.0,259.0
S00462,2026-02-27,P005,B005,C0086,Store,3,360,0.15,918.0,647.29,270.71
S00463,2026-03-30,P009,B004,C0050,Corporate,2,3100,0.1,5580.0,3671.62,1908.38
S00464,2026-05-14,P007,B005,C0061,Online,4,1250,0.1,4500.0,3781.65,718.35
S00465,2026-03-18,P002,B004,C0067,Corporate,2,3200,0.1,5760.0,4443.16,1316.84
S00466,2026-05-27,P010,B002,C0022,Store,3,190,0.0,570.0,438.79,131.21
S00467,2026-02-24,P004,B002,C0081,Store,1,420,0.15,357.0,280.17,76.83
S00468,2026-02-07,P010,B003,C0072,Store,2,190,0.0,380.0,227.01,152.99
S00469,2026-04-12,P009,B003,C0080,Corporate,2,3100,0.0,6200.0,4571.32,1628.68
S00470,2026-05-31,P009,B004,C0098,Store,1,3100,0.1,2790.0,2162.52,627.48
S00471,2026-01-26,P002,B005,C0053,Online,3,3200,0.1,8640.0,7257.86,1382.14
S00472,2026-03-09,P007,B004,C0019,Online,2,1250,0.0,2500.0,1587.71,912.29
S00473,2026-06-08,P010,B004,C0007,Store,3,190,0.0,570.0,409.32,160.68
S00474,2026-05-02,P005,B003,C0063,Store,3,360,0.0,1080.0,693.57,386.43
S00475,2026-06-28,P002,B002,C0042,Store,5,3200,0.05,15200.0,11756.9,3443.1
S00476,2026-03-10,P007,B005,C0053,Online,1,1250,0.0,1250.0,953.36,296.64
S00477,2026-05-05,P009,B003,C0091,Online,2,3100,0.0,6200.0,3677.37,2522.63
S00478,2026-05-10,P007,B002,C0025,Online,2,1250,0.1,2250.0,1464.47,785.53
S00479,2026-02-21,P001,B002,C0036,Store,1,4200,0.0,4200.0,3027.89,1172.11
S00480,2026-04-05,P008,B005,C0048,Store,4,1800,0.15,6120.0,4220.01,1899.99
S00481,2026-05-06,P010,B004,C0045,Store,3,190,0.1,513.0,393.45,119.55
S00482,2026-02-11,P005,B001,C0100,Store,1,360,0.0,360.0,270.28,89.72
S00483,2026-02-24,P004,B002,C0100,Online,1,420,0.05,399.0,286.72,112.28
S00484,2026-06-24,P001,B004,C0029,Corporate,2,4200,0.1,7560.0,6217.45,1342.55
S00485,2026-03-06,P010,B003,C0049,Online,2,190,0.0,380.0,252.61,127.39
S00486,2026-03-31,P008,B003,C0051,Store,1,1800,0.1,1620.0,1340.75,279.25
S00487,2026-05-30,P002,B001,C0077,Online,2,3200,0.0,6400.0,4430.67,1969.33
S00488,2026-06-05,P005,B003,C0082,Online,2,360,0.0,720.0,559.92,160.08
S00489,2026-03-25,P005,B003,C0020,Online,4,360,0.15,1224.0,921.25,302.75
S00490,2026-05-13,P004,B001,C0041,Online,3,420,0.1,1134.0,832.63,301.37
S00491,2026-06-24,P003,B001,C0052,Online,5,950,0.0,4750.0,3616.57,1133.43
S00492,2026-04-10,P001,B005,C0092,Online,2,4200,0.0,8400.0,5448.52,2951.48
S00493,2026-02-26,P009,B004,C0022,Corporate,2,3100,0.1,5580.0,3968.24,1611.76
S00494,2026-06-18,P009,B002,C0072,Store,2,3100,0.15,5270.0,3916.73,1353.27
S00495,2026-02-16,P006,B001,C0043,Store,1,780,0.0,780.0,517.99,262.01
S00496,2026-04-06,P005,B005,C0082,Store,3,360,0.05,1026.0,637.99,388.01
S00497,2026-05-30,P010,B005,C0088,Store,3,190,0.1,513.0,344.26,168.74
S00498,2026-04-08,P009,B003,C0026,Store,3,3100,0.0,9300.0,5649.5,3650.5
S00499,2026-03-29,P007,B005,C0092,Corporate,5,1250,0.0,6250.0,4020.48,2229.52
S00500,2026-02-16,P002,B004,C0001,Store,5,3200,0.0,16000.0,11310.4,4689.6
S00501,2026-04-26,P005,B002,C0098,Online,1,360,0.0,360.0,244.05,115.95
S00502,2026-01-23,P003,B005,C0050,Store,1,950,0.05,902.5,734.41,168.09
S00503,2026-01-02,P001,B005,C0097,Store,1,4200,0.0,4200.0,3185.29,1014.71
S00504,2026-05-16,P004,B001,C0045,Online,2,420,0.0,840.0,525.21,314.79
S00505,2026-03-21,P003,B001,C0006,Store,2,950,0.0,1900.0,1126.81,773.19
S00506,2026-03-18,P005,B004,C0088,Online,2,360,0.0,720.0,480.05,239.95
S00507,2026-02-04,P006,B004,C0029,Store,1,780,0.05,741.0,455.38,285.62
S00508,2026-02-03,P004,B001,C0005,Online,1,420,0.0,420.0,303.33,116.67
S00509,2026-04-07,P005,B005,C0084,Online,2,360,0.0,720.0,512.92,207.08
S00510,2026-01-06,P001,B001,C0090,Store,1,4200,0.1,3780.0,2648.3,1131.7
S00511,2026-02-09,P004,B001,C0080,Store,2,420,0.15,714.0,574.61,139.39
S00512,2026-06-05,P003,B004,C0037,Online,1,950,0.15,807.5,668.36,139.14
S00513,2026-01-30,P002,B004,C0026,Store,1,3200,0.0,3200.0,2388.16,811.84
S00514,2026-04-02,P007,B003,C0062,Store,2,1250,0.0,2500.0,1794.1,705.9
S00515,2026-03-26,P004,B001,C0086,Store,1,420,0.0,420.0,313.76,106.24
S00516,2026-05-07,P003,B001,C0033,Online,1,950,0.15,807.5,570.25,237.25
S00517,2026-06-14,P004,B004,C0023,Corporate,1,420,0.05,399.0,247.81,151.19
S00518,2026-01-11,P005,B003,C0098,Online,1,360,0.15,306.0,217.14,88.86
S00519,2026-01-12,P001,B002,C0080,Online,1,4200,0.0,4200.0,3187.4,1012.6
S00520,2026-03-10,P002,B003,C0059,Online,1,3200,0.05,3040.0,2112.16,927.84
S00521,2026-03-11,P007,B004,C0090,Online,2,1250,0.0,2500.0,1506.53,993.47
S00522,2026-01-16,P003,B001,C0024,Store,2,950,0.1,1710.0,1359.79,350.21
S00523,2026-06-06,P007,B003,C0017,Online,3,1250,0.15,3187.5,2905.08,282.42
S00524,2026-05-04,P008,B001,C0041,Corporate,1,1800,0.0,1800.0,1138.18,661.82
S00525,2026-01-04,P009,B005,C0067,Online,1,3100,0.15,2635.0,2339.35,295.65
S00526,2026-05-14,P010,B001,C0087,Store,2,190,0.05,361.0,246.68,114.32
S00527,2026-06-14,P007,B002,C0083,Online,2,1250,0.1,2250.0,1477.28,772.72
S00528,2026-02-10,P009,B004,C0042,Corporate,3,3100,0.0,9300.0,6791.66,2508.34
S00529,2026-03-03,P006,B003,C0031,Store,1,780,0.15,663.0,511.47,151.53
S00530,2026-01-21,P008,B004,C0016,Online,1,1800,0.05,1710.0,1204.94,505.06
S00531,2026-05-08,P001,B001,C0012,Store,1,4200,0.1,3780.0,2436.14,1343.86
S00532,2026-06-04,P010,B003,C0044,Corporate,2,190,0.15,323.0,271.43,51.57
S00533,2026-04-04,P001,B002,C0092,Online,1,4200,0.1,3780.0,2939.96,840.04
S00534,2026-06-18,P006,B004,C0046,Store,3,780,0.0,2340.0,1358.23,981.77
S00535,2026-06-12,P005,B005,C0064,Online,2,360,0.0,720.0,546.75,173.25
S00536,2026-02-05,P007,B001,C0051,Store,1,1250,0.0,1250.0,957.55,292.45
S00537,2026-02-25,P008,B002,C0082,Online,1,1800,0.05,1710.0,1060.74,649.26
S00538,2026-06-22,P010,B001,C0065,Online,2,190,0.15,323.0,265.19,57.81
S00539,2026-02-04,P008,B001,C0062,Online,1,1800,0.05,1710.0,1345.97,364.03
S00540,2026-05-11,P003,B005,C0077,Store,3,950,0.0,2850.0,1873.82,976.18
S00541,2026-06-05,P006,B005,C0098,Corporate,1,780,0.1,702.0,595.28,106.72
S00542,2026-03-05,P005,B004,C0018,Corporate,5,360,0.05,1710.0,1333.73,376.27
S00543,2026-04-16,P010,B005,C0071,Store,2,190,0.0,380.0,274.5,105.5
S00544,2026-06-11,P004,B002,C0087,Store,2,420,0.15,714.0,545.21,168.79
S00545,2026-02-03,P003,B005,C0046,Online,2,950,0.15,1615.0,1145.85,469.15
S00546,2026-05-24,P008,B005,C0069,Online,2,1800,0.05,3420.0,2573.46,846.54
S00547,2026-03-15,P007,B001,C0008,Online,1,1250,0.0,1250.0,738.27,511.73
S00548,2026-02-21,P005,B002,C0089,Corporate,2,360,0.0,720.0,538.47,181.53
S00549,2026-03-17,P004,B005,C0087,Store,3,420,0.0,1260.0,886.06,373.94
S00550,2026-05-24,P004,B005,C0086,Store,2,420,0.15,714.0,535.52,178.48
S00551,2026-01-13,P007,B004,C0071,Store,3,1250,0.15,3187.5,2409.49,778.01
S00552,2026-01-14,P001,B003,C0082,Store,3,4200,0.05,11970.0,9399.56,2570.44
S00553,2026-06-30,P006,B005,C0038,Online,2,780,0.15,1326.0,1205.66,120.34
S00554,2026-04-25,P003,B001,C0006,Store,1,950,0.1,855.0,573.68,281.32
S00555,2026-04-20,P005,B005,C0060,Store,1,360,0.0,360.0,209.21,150.79
S00556,2026-07-01,P003,B001,C0081,Store,1,950,0.0,950.0,698.0,252.0
S00557,2026-06-07,P005,B004,C0041,Online,2,360,0.0,720.0,530.5,189.5
S00558,2026-05-15,P004,B002,C0069,Online,3,420,0.0,1260.0,835.61,424.39
S00559,2026-04-14,P002,B003,C0038,Store,1,3200,0.0,3200.0,2067.88,1132.12
S00560,2026-02-25,P010,B005,C0086,Online,2,190,0.15,323.0,221.07,101.93
S00561,2026-03-30,P008,B002,C0006,Corporate,2,1800,0.1,3240.0,2263.56,976.44
S00562,2026-06-24,P006,B004,C0093,Corporate,4,780,0.05,2964.0,1969.71,994.29
S00563,2026-03-14,P001,B005,C0006,Online,1,4200,0.1,3780.0,2810.27,969.73
S00564,2026-03-17,P004,B003,C0099,Online,4,420,0.0,1680.0,1300.87,379.13
S00565,2026-05-18,P009,B001,C0088,Online,1,3100,0.15,2635.0,2277.62,357.38
S00566,2026-04-19,P002,B002,C0083,Online,2,3200,0.15,5440.0,4704.26,735.74
S00567,2026-01-19,P003,B001,C0023,Online,1,950,0.0,950.0,564.92,385.08
S00568,2026-03-06,P009,B001,C0058,Online,1,3100,0.0,3100.0,2050.73,1049.27
S00569,2026-06-11,P007,B004,C0083,Store,1,1250,0.0,1250.0,858.71,391.29
S00570,2026-06-08,P002,B005,C0014,Store,3,3200,0.0,9600.0,7349.85,2250.15
S00571,2026-03-16,P005,B005,C0085,Store,3,360,0.05,1026.0,708.79,317.21
S00572,2026-01-08,P008,B002,C0070,Online,1,1800,0.05,1710.0,1330.84,379.16
S00573,2026-03-17,P003,B003,C0002,Online,4,950,0.15,3230.0,2696.43,533.57
S00574,2026-05-22,P009,B002,C0071,Store,1,3100,0.1,2790.0,2042.33,747.67
S00575,2026-01-22,P005,B002,C0083,Online,4,360,0.0,1440.0,896.18,543.82
S00576,2026-05-12,P003,B002,C0024,Store,2,950,0.0,1900.0,1175.84,724.16
S00577,2026-06-21,P010,B001,C0071,Corporate,4,190,0.1,684.0,510.91,173.09
S00578,2026-01-19,P005,B001,C0043,Store,1,360,0.1,324.0,243.88,80.12
S00579,2026-04-02,P003,B002,C0058,Store,2,950,0.0,1900.0,1222.76,677.24
S00580,2026-03-26,P010,B003,C0041,Online,1,190,0.1,171.0,124.05,46.95
S00581,2026-04-20,P003,B001,C0056,Store,3,950,0.15,2422.5,2074.7,347.8
S00582,2026-03-12,P006,B002,C0046,Online,1,780,0.05,741.0,524.6,216.4
S00583,2026-03-20,P008,B005,C0018,Store,2,1800,0.0,3600.0,2694.09,905.91
S00584,2026-05-18,P004,B003,C0003,Online,2,420,0.15,714.0,499.87,214.13
S00585,2026-05-10,P001,B005,C0071,Online,3,4200,0.0,12600.0,9591.89,3008.11
S00586,2026-03-08,P009,B005,C0099,Online,3,3100,0.0,9300.0,6124.05,3175.95
S00587,2026-05-31,P005,B002,C0002,Online,2,360,0.05,684.0,470.0,214.0
S00588,2026-06-19,P004,B005,C0023,Online,3,420,0.0,1260.0,843.25,416.75
S00589,2026-05-25,P010,B002,C0098,Online,2,190,0.0,380.0,223.47,156.53
S00590,2026-05-05,P004,B001,C0047,Store,1,420,0.15,357.0,260.97,96.03
S00591,2026-04-10,P008,B004,C0091,Corporate,1,1800,0.15,1530.0,1160.67,369.33
S00592,2026-05-14,P005,B003,C0047,Online,2,360,0.05,684.0,511.73,172.27
S00593,2026-05-31,P002,B005,C0046,Store,5,3200,0.0,16000.0,10932.39,5067.61
S00594,2026-03-30,P008,B004,C0030,Corporate,1,1800,0.0,1800.0,1202.36,597.64
S00595,2026-01-20,P009,B003,C0016,Store,1,3100,0.0,3100.0,2171.25,928.75
S00596,2026-06-19,P004,B004,C0062,Online,2,420,0.05,798.0,600.64,197.36
S00597,2026-02-23,P010,B002,C0074,Online,1,190,0.0,190.0,111.84,78.16
S00598,2026-06-01,P003,B002,C0022,Online,1,950,0.1,855.0,578.9,276.1
S00599,2026-03-08,P003,B005,C0093,Corporate,2,950,0.1,1710.0,1344.3,365.7
S00600,2026-06-19,P005,B001,C0022,Store,2,360,0.05,684.0,542.49,141.51
S00601,2026-02-26,P007,B005,C0066,Store,2,1250,0.0,2500.0,1761.61,738.39
S00602,2026-03-09,P003,B003,C0050,Corporate,2,950,0.0,1900.0,1189.33,710.67
S00603,2026-02-03,P002,B001,C0020,Store,3,3200,0.1,8640.0,6881.99,1758.01
S00604,2026-06-05,P002,B002,C0069,Online,2,3200,0.0,6400.0,4835.52,1564.48
S00605,2026-05-09,P002,B001,C0001,Online,1,3200,0.1,2880.0,2201.14,678.86
S00606,2026-06-23,P007,B005,C0030,Store,3,1250,0.15,3187.5,2572.36,615.14
S00607,2026-05-04,P007,B003,C0055,Online,2,1250,0.15,2125.0,1738.06,386.94
S00608,2026-02-04,P005,B004,C0070,Online,4,360,0.0,1440.0,916.78,523.22
S00609,2026-04-15,P005,B002,C0016,Store,2,360,0.0,720.0,500.83,219.17
S00610,2026-05-14,P001,B004,C0014,Online,2,4200,0.0,8400.0,5558.86,2841.14
S00611,2026-02-09,P007,B005,C0079,Store,3,1250,0.05,3562.5,2598.5,964.0
S00612,2026-03-12,P007,B002,C0072,Store,3,1250,0.05,3562.5,2309.04,1253.46
S00613,2026-05-23,P008,B003,C0018,Corporate,2,1800,0.15,3060.0,2374.65,685.35
S00614,2026-06-18,P002,B002,C0066,Store,2,3200,0.0,6400.0,3840.36,2559.64
S00615,2026-04-13,P006,B005,C0082,Online,2,780,0.0,1560.0,954.95,605.05
S00616,2026-01-02,P002,B002,C0029,Online,2,3200,0.0,6400.0,3794.02,2605.98
S00617,2026-04-05,P002,B005,C0067,Store,1,3200,0.05,3040.0,2248.94,791.06
S00618,2026-03-15,P010,B001,C0002,Corporate,3,190,0.15,484.5,386.96,97.54
S00619,2026-02-21,P009,B003,C0030,Store,3,3100,0.1,8370.0,6353.41,2016.59
S00620,2026-06-07,P003,B001,C0036,Store,2,950,0.0,1900.0,1135.0,765.0
S00621,2026-04-13,P006,B004,C0009,Store,1,780,0.0,780.0,567.36,212.64
S00622,2026-01-24,P009,B003,C0036,Online,2,3100,0.1,5580.0,4027.64,1552.36
S00623,2026-02-27,P010,B002,C0053,Online,1,190,0.0,190.0,120.12,69.88
S00624,2026-05-10,P002,B005,C0033,Store,1,3200,0.0,3200.0,2369.88,830.12
S00625,2026-05-18,P010,B003,C0032,Online,4,190,0.1,684.0,514.31,169.69
S00626,2026-03-28,P008,B004,C0009,Corporate,3,1800,0.05,5130.0,3257.57,1872.43
S00627,2026-04-08,P004,B002,C0002,Online,1,420,0.0,420.0,286.99,133.01
S00628,2026-06-29,P005,B002,C0010,Store,1,360,0.15,306.0,267.92,38.08
S00629,2026-05-22,P003,B004,C0096,Store,1,950,0.1,855.0,602.12,252.88
S00630,2026-06-24,P004,B004,C0027,Online,1,420,0.0,420.0,316.91,103.09
S00631,2026-02-28,P004,B002,C0011,Online,1,420,0.0,420.0,253.67,166.33
S00632,2026-06-23,P008,B005,C0048,Store,3,1800,0.0,5400.0,4047.85,1352.15
S00633,2026-06-08,P006,B004,C0063,Corporate,3,780,0.1,2106.0,1763.78,342.22
S00634,2026-02-16,P009,B003,C0055,Store,3,3100,0.0,9300.0,5494.72,3805.28
S00635,2026-05-03,P009,B001,C0059,Online,1,3100,0.15,2635.0,2279.06,355.94
S00636,2026-01-31,P009,B004,C0075,Store,1,3100,0.15,2635.0,1928.67,706.33
S00637,2026-01-26,P006,B003,C0035,Online,1,780,0.1,702.0,493.4,208.6
S00638,2026-05-01,P010,B003,C0097,Store,2,190,0.0,380.0,252.25,127.75
S00639,2026-04-06,P006,B004,C0088,Store,1,780,0.0,780.0,605.17,174.83
S00640,2026-02-28,P002,B003,C0095,Online,2,3200,0.05,6080.0,3962.96,2117.04
S00641,2026-02-08,P008,B001,C0093,Store,2,1800,0.15,3060.0,2460.25,599.75
S00642,2026-03-22,P008,B003,C0089,Store,3,1800,0.0,5400.0,3562.27,1837.73
S00643,2026-02-11,P001,B002,C0096,Online,2,4200,0.15,7140.0,5033.79,2106.21
S00644,2026-03-27,P005,B003,C0053,Store,2,360,0.0,720.0,467.16,252.84
S00645,2026-02-01,P006,B005,C0100,Store,2,780,0.15,1326.0,1072.79,253.21
S00646,2026-03-14,P006,B003,C0011,Online,2,780,0.15,1326.0,1044.24,281.76
S00647,2026-04-08,P010,B003,C0044,Online,4,190,0.0,760.0,538.17,221.83
S00648,2026-04-18,P010,B005,C0030,Store,4,190,0.0,760.0,465.42,294.58
S00649,2026-03-22,P006,B003,C0057,Online,2,780,0.05,1482.0,989.43,492.57
S00650,2026-04-03,P010,B005,C0017,Corporate,1,190,0.0,190.0,142.66,47.34
S00651,2026-03-02,P005,B001,C0061,Store,1,360,0.0,360.0,213.39,146.61
S00652,2026-05-21,P001,B001,C0080,Online,2,4200,0.0,8400.0,5046.6,3353.4
S00653,2026-02-09,P002,B004,C0017,Store,1,3200,0.0,3200.0,2139.62,1060.38
S00654,2026-02-03,P009,B002,C0060,Store,2,3100,0.0,6200.0,4667.66,1532.34
S00655,2026-05-19,P005,B005,C0076,Store,4,360,0.15,1224.0,990.51,233.49
S00656,2026-06-02,P008,B005,C0045,Store,2,1800,0.1,3240.0,2310.96,929.04
S00657,2026-05-04,P009,B002,C0020,Online,1,3100,0.0,3100.0,2053.57,1046.43
S00658,2026-03-19,P001,B001,C0061,Online,3,4200,0.0,12600.0,8174.59,4425.41
S00659,2026-05-17,P001,B004,C0038,Corporate,2,4200,0.0,8400.0,6158.66,2241.34
S00660,2026-06-02,P004,B001,C0032,Online,1,420,0.1,378.0,280.32,97.68
S00661,2026-02-11,P007,B004,C0098,Store,1,1250,0.15,1062.5,784.89,277.61
S00662,2026-06-06,P005,B003,C0009,Online,2,360,0.0,720.0,477.06,242.94
S00663,2026-02-16,P003,B003,C0080,Store,2,950,0.05,1805.0,1205.41,599.59
S00664,2026-05-06,P004,B003,C0014,Store,1,420,0.1,378.0,245.46,132.54
S00665,2026-03-14,P005,B002,C0002,Online,2,360,0.0,720.0,430.59,289.41
S00666,2026-05-07,P004,B003,C0060,Store,3,420,0.05,1197.0,982.29,214.71
S00667,2026-06-28,P001,B003,C0100,Store,3,4200,0.0,12600.0,7449.22,5150.78
S00668,2026-04-11,P002,B005,C0002,Online,1,3200,0.0,3200.0,2379.04,820.96
S00669,2026-02-01,P004,B004,C0026,Online,1,420,0.15,357.0,327.14,29.86
S00670,2026-04-28,P002,B005,C0040,Online,1,3200,0.05,3040.0,2292.12,747.88
S00671,2026-03-24,P003,B001,C0082,Online,2,950,0.0,1900.0,1198.26,701.74
S00672,2026-03-18,P004,B003,C0031,Corporate,3,420,0.0,1260.0,976.07,283.93
S00673,2026-06-12,P007,B003,C0032,Store,3,1250,0.1,3375.0,2264.74,1110.26
S00674,2026-01-03,P001,B005,C0099,Online,2,4200,0.1,7560.0,5132.39,2427.61
S00675,2026-01-23,P004,B002,C0098,Online,2,420,0.0,840.0,643.58,196.42
S00676,2026-06-10,P001,B001,C0017,Store,1,4200,0.1,3780.0,3100.83,679.17
S00677,2026-05-05,P004,B003,C0057,Corporate,3,420,0.0,1260.0,933.79,326.21
S00678,2026-02-19,P001,B004,C0057,Store,1,4200,0.0,4200.0,2843.65,1356.35
S00679,2026-05-24,P005,B005,C0042,Online,1,360,0.0,360.0,247.94,112.06
S00680,2026-04-30,P005,B005,C0058,Corporate,2,360,0.0,720.0,494.08,225.92
S00681,2026-03-17,P005,B005,C0094,Store,1,360,0.15,306.0,245.23,60.77
S00682,2026-02-17,P001,B005,C0009,Corporate,3,4200,0.0,12600.0,8116.15,4483.85
S00683,2026-06-18,P009,B004,C0037,Store,2,3100,0.1,5580.0,3787.12,1792.88
S00684,2026-03-24,P007,B003,C0017,Store,2,1250,0.0,2500.0,1471.89,1028.11
S00685,2026-02-15,P001,B002,C0050,Store,1,4200,0.0,4200.0,2915.65,1284.35
S00686,2026-06-18,P008,B005,C0078,Online,2,1800,0.0,3600.0,2351.77,1248.23
S00687,2026-01-19,P001,B002,C0082,Online,4,4200,0.0,16800.0,11316.68,5483.32
S00688,2026-01-16,P006,B005,C0008,Online,3,780,0.0,2340.0,1728.91,611.09
S00689,2026-06-07,P005,B005,C0028,Store,1,360,0.0,360.0,214.41,145.59
S00690,2026-05-13,P002,B001,C0085,Online,2,3200,0.0,6400.0,3959.19,2440.81
S00691,2026-03-05,P010,B002,C0082,Online,2,190,0.15,323.0,228.42,94.58
S00692,2026-05-28,P006,B004,C0024,Online,1,780,0.0,780.0,478.42,301.58
S00693,2026-05-21,P007,B005,C0046,Store,1,1250,0.1,1125.0,835.75,289.25
S00694,2026-03-22,P009,B003,C0093,Online,1,3100,0.15,2635.0,2064.96,570.04
S00695,2026-03-24,P010,B002,C0033,Online,1,190,0.1,171.0,145.39,25.61
S00696,2026-04-03,P008,B004,C0077,Corporate,1,1800,0.0,1800.0,1397.86,402.14
S00697,2026-01-05,P009,B002,C0028,Corporate,1,3100,0.0,3100.0,2408.32,691.68
S00698,2026-03-22,P001,B003,C0020,Corporate,2,4200,0.1,7560.0,6427.55,1132.45
S00699,2026-01-25,P001,B004,C0032,Store,1,4200,0.0,4200.0,3183.29,1016.71
S00700,2026-03-01,P005,B003,C0093,Store,1,360,0.0,360.0,261.67,98.33
S00701,2026-03-25,P008,B002,C0013,Online,3,1800,0.15,4590.0,3754.33,835.67
S00702,2026-06-02,P005,B001,C0099,Online,2,360,0.0,720.0,529.94,190.06
S00703,2026-03-27,P006,B004,C0078,Store,3,780,0.0,2340.0,1707.11,632.89
S00704,2026-01-03,P007,B001,C0042,Store,1,1250,0.1,1125.0,866.23,258.77
S00705,2026-05-09,P004,B002,C0097,Store,2,420,0.05,798.0,650.33,147.67
S00706,2026-06-02,P010,B005,C0044,Store,1,190,0.05,180.5,115.82,64.68
S00707,2026-01-22,P008,B005,C0065,Online,2,1800,0.0,3600.0,2149.26,1450.74
S00708,2026-04-22,P003,B002,C0026,Online,1,950,0.05,902.5,674.93,227.57
S00709,2026-05-24,P010,B005,C0074,Store,1,190,0.05,180.5,122.49,58.01
S00710,2026-01-23,P002,B004,C0084,Store,1,3200,0.0,3200.0,2076.5,1123.5
S00711,2026-01-07,P005,B002,C0057,Corporate,2,360,0.05,684.0,507.34,176.66
S00712,2026-01-12,P004,B002,C0015,Online,1,420,0.15,357.0,315.23,41.77
S00713,2026-01-14,P004,B005,C0089,Corporate,3,420,0.0,1260.0,734.26,525.74
S00714,2026-01-29,P005,B004,C0027,Online,1,360,0.15,306.0,247.54,58.46
S00715,2026-05-20,P009,B003,C0086,Online,2,3100,0.0,6200.0,4457.89,1742.11
S00716,2026-01-05,P007,B005,C0037,Corporate,2,1250,0.0,2500.0,1535.16,964.84
S00717,2026-02-21,P010,B003,C0085,Store,2,190,0.0,380.0,225.46,154.54
S00718,2026-03-11,P006,B001,C0049,Store,3,780,0.15,1989.0,1538.09,450.91
S00719,2026-05-11,P002,B003,C0065,Online,2,3200,0.0,6400.0,3950.61,2449.39
S00720,2026-04-28,P009,B001,C0051,Store,4,3100,0.0,12400.0,8019.25,4380.75
S00721,2026-02-10,P001,B003,C0065,Online,1,4200,0.0,4200.0,2634.41,1565.59
S00722,2026-03-12,P001,B003,C0036,Corporate,3,4200,0.0,12600.0,9687.22,2912.78
S00723,2026-02-27,P003,B003,C0067,Corporate,2,950,0.0,1900.0,1379.36,520.64
S00724,2026-06-23,P010,B002,C0078,Store,2,190,0.05,361.0,294.16,66.84
S00725,2026-03-26,P008,B005,C0026,Store,2,1800,0.1,3240.0,2477.77,762.23
S00726,2026-02-05,P005,B005,C0073,Corporate,1,360,0.0,360.0,256.05,103.95
S00727,2026-02-10,P006,B001,C0019,Online,4,780,0.0,3120.0,1924.5,1195.5
S00728,2026-01-08,P006,B004,C0082,Corporate,1,780,0.15,663.0,598.07,64.93
S00729,2026-03-12,P003,B002,C0078,Store,1,950,0.1,855.0,668.22,186.78
S00730,2026-05-26,P010,B002,C0089,Online,1,190,0.0,190.0,123.85,66.15
S00731,2026-05-03,P003,B005,C0050,Online,2,950,0.15,1615.0,1244.1,370.9
S00732,2026-05-06,P008,B002,C0002,Store,1,1800,0.05,1710.0,1319.23,390.77
S00733,2026-03-11,P007,B002,C0057,Online,5,1250,0.0,6250.0,3707.67,2542.33
S00734,2026-06-07,P008,B003,C0006,Corporate,3,1800,0.05,5130.0,3569.26,1560.74
S00735,2026-06-05,P007,B003,C0068,Store,4,1250,0.1,4500.0,3493.81,1006.19
S00736,2026-06-14,P001,B005,C0032,Store,2,4200,0.0,8400.0,6346.67,2053.33
S00737,2026-05-13,P009,B004,C0081,Corporate,1,3100,0.05,2945.0,2118.0,827.0
S00738,2026-01-13,P004,B003,C0055,Store,3,420,0.0,1260.0,847.06,412.94
S00739,2026-03-17,P010,B001,C0058,Online,4,190,0.05,722.0,566.94,155.06
S00740,2026-01-24,P009,B001,C0051,Store,2,3100,0.15,5270.0,4273.54,996.46
S00741,2026-04-16,P006,B004,C0059,Store,2,780,0.15,1326.0,1184.29,141.71
S00742,2026-01-24,P005,B003,C0016,Online,4,360,0.0,1440.0,1042.09,397.91
S00743,2026-01-24,P002,B004,C0066,Online,1,3200,0.15,2720.0,2101.82,618.18
S00744,2026-06-06,P003,B004,C0073,Online,1,950,0.0,950.0,724.33,225.67
S00745,2026-06-18,P003,B002,C0040,Corporate,1,950,0.15,807.5,560.75,246.75
S00746,2026-03-21,P008,B003,C0001,Online,1,1800,0.0,1800.0,1389.76,410.24
S00747,2026-06-09,P005,B001,C0078,Online,3,360,0.1,972.0,800.81,171.19
S00748,2026-05-07,P004,B002,C0077,Online,2,420,0.05,798.0,561.44,236.56
S00749,2026-06-03,P001,B002,C0027,Corporate,1,4200,0.15,3570.0,2904.34,665.66
S00750,2026-01-13,P003,B002,C0086,Store,1,950,0.0,950.0,713.23,236.77
S00751,2026-05-28,P010,B003,C0023,Store,1,190,0.0,190.0,126.04,63.96
S00752,2026-02-11,P005,B005,C0023,Online,2,360,0.1,648.0,530.97,117.03
S00753,2026-04-27,P010,B003,C0049,Corporate,1,190,0.0,190.0,122.47,67.53
S00754,2026-01-18,P007,B005,C0036,Store,2,1250,0.0,2500.0,1797.31,702.69
S00755,2026-03-26,P009,B004,C0074,Online,2,3100,0.1,5580.0,3668.15,1911.85
S00756,2026-06-11,P009,B001,C0078,Online,2,3100,0.15,5270.0,3952.11,1317.89
S00757,2026-03-23,P005,B005,C0064,Online,2,360,0.0,720.0,506.06,213.94
S00758,2026-05-14,P008,B004,C0025,Online,3,1800,0.0,5400.0,3897.27,1502.73
S00759,2026-01-01,P002,B001,C0079,Online,3,3200,0.15,8160.0,7196.29,963.71
S00760,2026-04-17,P007,B001,C0082,Store,2,1250,0.15,2125.0,1556.17,568.83
S00761,2026-02-21,P005,B003,C0099,Online,1,360,0.1,324.0,248.4,75.6
S00762,2026-01-02,P002,B003,C0023,Store,2,3200,0.1,5760.0,4940.94,819.06
S00763,2026-02-19,P006,B003,C0083,Corporate,2,780,0.05,1482.0,1153.54,328.46
S00764,2026-02-04,P008,B002,C0060,Online,3,1800,0.1,4860.0,4099.6,760.4
S00765,2026-04-16,P001,B005,C0003,Store,2,4200,0.0,8400.0,5804.7,2595.3
S00766,2026-02-23,P010,B003,C0020,Online,3,190,0.0,570.0,338.15,231.85
S00767,2026-03-13,P001,B003,C0050,Corporate,2,4200,0.0,8400.0,5831.25,2568.75
S00768,2026-02-17,P010,B001,C0091,Corporate,3,190,0.15,484.5,428.39,56.11
S00769,2026-01-09,P005,B004,C0039,Store,3,360,0.0,1080.0,724.01,355.99
S00770,2026-02-25,P009,B003,C0012,Store,1,3100,0.0,3100.0,2280.23,819.77
S00771,2026-04-24,P009,B001,C0062,Online,4,3100,0.0,12400.0,7663.72,4736.28
S00772,2026-05-15,P005,B003,C0017,Store,3,360,0.1,972.0,772.57,199.43
S00773,2026-02-22,P001,B004,C0006,Store,3,4200,0.0,12600.0,7318.36,5281.64
S00774,2026-06-25,P010,B001,C0085,Store,3,190,0.0,570.0,389.95,180.05
S00775,2026-03-21,P001,B005,C0025,Online,2,4200,0.0,8400.0,5411.08,2988.92
S00776,2026-03-15,P005,B005,C0021,Store,1,360,0.0,360.0,228.43,131.57
S00777,2026-03-12,P002,B001,C0045,Corporate,2,3200,0.0,6400.0,3976.42,2423.58
S00778,2026-05-21,P006,B003,C0022,Store,2,780,0.0,1560.0,1083.91,476.09
S00779,2026-01-19,P005,B005,C0061,Corporate,2,360,0.0,720.0,436.33,283.67
S00780,2026-06-22,P001,B001,C0077,Store,1,4200,0.05,3990.0,2586.35,1403.65
S00781,2026-06-01,P008,B005,C0086,Store,1,1800,0.0,1800.0,1300.64,499.36
S00782,2026-05-17,P002,B004,C0059,Online,1,3200,0.15,2720.0,2155.7,564.3
S00783,2026-03-21,P008,B004,C0047,Store,1,1800,0.1,1620.0,1136.9,483.1
S00784,2026-04-11,P003,B003,C0009,Online,3,950,0.05,2707.5,1930.88,776.62
S00785,2026-05-02,P002,B003,C0078,Online,3,3200,0.0,9600.0,7042.45,2557.55
S00786,2026-05-28,P003,B005,C0084,Store,3,950,0.0,2850.0,1838.75,1011.25
S00787,2026-01-19,P005,B005,C0071,Online,2,360,0.0,720.0,507.01,212.99
S00788,2026-02-10,P008,B004,C0056,Store,1,1800,0.15,1530.0,1256.75,273.25
S00789,2026-05-26,P006,B005,C0092,Online,1,780,0.15,663.0,464.55,198.45
S00790,2026-05-27,P008,B001,C0057,Online,2,1800,0.1,3240.0,2158.31,1081.69
S00791,2026-02-15,P005,B004,C0049,Store,1,360,0.1,324.0,264.34,59.66
S00792,2026-03-25,P008,B001,C0082,Store,3,1800,0.1,4860.0,4107.52,752.48
S00793,2026-01-01,P003,B002,C0026,Online,1,950,0.1,855.0,660.81,194.19
S00794,2026-02-22,P006,B003,C0056,Online,4,780,0.0,3120.0,2382.75,737.25
S00795,2026-03-30,P002,B005,C0038,Store,5,3200,0.05,15200.0,11992.44,3207.56
S00796,2026-01-16,P006,B005,C0046,Corporate,1,780,0.1,702.0,580.44,121.56
S00797,2026-01-29,P005,B001,C0092,Store,2,360,0.05,684.0,507.63,176.37
S00798,2026-04-08,P007,B004,C0025,Store,1,1250,0.0,1250.0,843.72,406.28
S00799,2026-05-23,P007,B003,C0002,Online,1,1250,0.15,1062.5,756.39,306.11
S00800,2026-01-19,P001,B002,C0018,Online,2,4200,0.05,7980.0,6509.96,1470.04
S00801,2026-01-22,P003,B004,C0055,Corporate,3,950,0.15,2422.5,1997.52,424.98
S00802,2026-06-09,P003,B004,C0029,Online,2,950,0.05,1805.0,1248.19,556.81
S00803,2026-02-17,P007,B005,C0065,Store,2,1250,0.15,2125.0,1568.37,556.63
S00804,2026-03-10,P007,B005,C0091,Online,1,1250,0.0,1250.0,867.04,382.96
S00805,2026-04-05,P002,B005,C0068,Online,2,3200,0.0,6400.0,4646.64,1753.36
S00806,2026-03-13,P008,B005,C0081,Store,3,1800,0.0,5400.0,3396.85,2003.15
S00807,2026-06-19,P002,B005,C0069,Online,1,3200,0.0,3200.0,2434.29,765.71
S00808,2026-01-03,P008,B004,C0046,Online,2,1800,0.15,3060.0,2326.69,733.31
S00809,2026-03-17,P005,B002,C0073,Store,4,360,0.15,1224.0,922.77,301.23
S00810,2026-03-08,P001,B004,C0095,Online,2,4200,0.15,7140.0,6535.81,604.19
S00811,2026-06-09,P001,B003,C0036,Online,1,4200,0.0,4200.0,3151.21,1048.79
S00812,2026-03-06,P003,B005,C0078,Store,3,950,0.0,2850.0,2075.61,774.39
S00813,2026-02-14,P010,B002,C0090,Online,1,190,0.0,190.0,120.13,69.87
S00814,2026-03-02,P008,B002,C0019,Online,3,1800,0.0,5400.0,4194.8,1205.2
S00815,2026-06-02,P003,B004,C0057,Online,1,950,0.05,902.5,596.21,306.29
S00816,2026-06-13,P003,B002,C0097,Online,3,950,0.0,2850.0,2019.09,830.91
S00817,2026-01-30,P001,B002,C0097,Online,2,4200,0.05,7980.0,6125.53,1854.47
S00818,2026-05-17,P004,B004,C0056,Online,1,420,0.0,420.0,255.79,164.21
S00819,2026-01-04,P005,B004,C0006,Store,1,360,0.1,324.0,257.97,66.03
S00820,2026-01-25,P009,B003,C0043,Corporate,1,3100,0.15,2635.0,2330.18,304.82
S00821,2026-03-11,P005,B001,C0096,Store,2,360,0.05,684.0,528.93,155.07
S00822,2026-03-03,P010,B002,C0002,Online,2,190,0.0,380.0,244.21,135.79
S00823,2026-06-22,P001,B001,C0045,Store,1,4200,0.0,4200.0,3011.82,1188.18
S00824,2026-02-26,P005,B003,C0077,Store,1,360,0.0,360.0,212.9,147.1
S00825,2026-06-18,P004,B005,C0078,Online,2,420,0.0,840.0,501.71,338.29
S00826,2026-02-03,P007,B005,C0033,Online,1,1250,0.0,1250.0,898.91,351.09
S00827,2026-03-17,P008,B001,C0089,Online,4,1800,0.0,7200.0,5283.88,1916.12
S00828,2026-06-20,P006,B003,C0043,Store,1,780,0.0,780.0,512.12,267.88
S00829,2026-01-16,P005,B003,C0023,Store,1,360,0.0,360.0,252.74,107.26
S00830,2026-06-15,P008,B001,C0014,Store,3,1800,0.0,5400.0,3795.08,1604.92
S00831,2026-04-24,P005,B001,C0058,Store,1,360,0.15,306.0,226.84,79.16
S00832,2026-01-05,P008,B002,C0035,Online,1,1800,0.0,1800.0,1283.26,516.74
S00833,2026-02-08,P006,B004,C0052,Online,2,780,0.05,1482.0,1053.98,428.02
S00834,2026-01-18,P009,B002,C0069,Store,4,3100,0.05,11780.0,7492.59,4287.41
S00835,2026-04-02,P006,B003,C0069,Store,2,780,0.15,1326.0,933.09,392.91
S00836,2026-03-29,P002,B004,C0006,Online,1,3200,0.0,3200.0,1969.04,1230.96
S00837,2026-04-09,P004,B003,C0063,Online,3,420,0.15,1071.0,904.39,166.61
S00838,2026-01-22,P008,B002,C0031,Store,1,1800,0.15,1530.0,1402.7,127.3
S00839,2026-05-06,P007,B001,C0058,Online,2,1250,0.05,2375.0,1716.97,658.03
S00840,2026-01-05,P001,B003,C0028,Store,3,4200,0.0,12600.0,8329.88,4270.12
S00841,2026-06-17,P009,B004,C0075,Corporate,3,3100,0.1,8370.0,5671.05,2698.95
S00842,2026-03-01,P002,B001,C0080,Online,2,3200,0.0,6400.0,4315.16,2084.84
S00843,2026-01-12,P004,B002,C0013,Store,2,420,0.0,840.0,625.08,214.92
S00844,2026-04-27,P010,B002,C0077,Online,1,190,0.0,190.0,114.54,75.46
S00845,2026-06-07,P004,B001,C0042,Online,1,420,0.15,357.0,300.59,56.41
S00846,2026-01-31,P010,B005,C0076,Store,3,190,0.0,570.0,417.72,152.28
S00847,2026-02-14,P006,B001,C0048,Store,1,780,0.05,741.0,478.62,262.38
S00848,2026-05-22,P003,B004,C0081,Store,2,950,0.0,1900.0,1139.99,760.01
S00849,2026-06-06,P007,B002,C0012,Store,2,1250,0.0,2500.0,1453.61,1046.39
S00850,2026-06-30,P010,B003,C0027,Store,3,190,0.05,541.5,409.53,131.97
S00851,2026-02-06,P005,B005,C0005,Online,1,360,0.0,360.0,252.76,107.24
S00852,2026-06-02,P003,B004,C0001,Online,1,950,0.0,950.0,617.09,332.91
S00853,2026-05-23,P004,B002,C0098,Store,2,420,0.0,840.0,591.18,248.82
S00854,2026-05-19,P009,B002,C0025,Online,2,3100,0.0,6200.0,3938.77,2261.23
S00855,2026-01-29,P003,B004,C0047,Online,1,950,0.0,950.0,561.27,388.73
S00856,2026-03-14,P004,B004,C0095,Store,2,420,0.05,798.0,494.48,303.52
S00857,2026-01-14,P009,B002,C0031,Store,1,3100,0.1,2790.0,1869.96,920.04
S00858,2026-04-24,P010,B005,C0030,Store,1,190,0.15,161.5,144.34,17.16
S00859,2026-01-29,P006,B002,C0029,Store,2,780,0.0,1560.0,1021.97,538.03
S00860,2026-01-19,P008,B005,C0079,Online,3,1800,0.0,5400.0,3365.46,2034.54
S00861,2026-04-27,P003,B004,C0035,Store,2,950,0.0,1900.0,1342.17,557.83
S00862,2026-02-21,P006,B002,C0060,Store,2,780,0.0,1560.0,947.39,612.61
S00863,2026-04-28,P007,B002,C0082,Online,1,1250,0.0,1250.0,875.91,374.09
S00864,2026-06-06,P003,B005,C0067,Corporate,3,950,0.0,2850.0,1887.67,962.33
S00865,2026-05-06,P004,B005,C0095,Online,2,420,0.0,840.0,609.84,230.16
S00866,2026-03-05,P004,B003,C0074,Store,1,420,0.1,378.0,323.09,54.91
S00867,2026-01-02,P007,B001,C0068,Store,2,1250,0.1,2250.0,1466.81,783.19
S00868,2026-04-11,P008,B001,C0089,Online,1,1800,0.1,1620.0,1315.11,304.89
S00869,2026-04-15,P004,B002,C0086,Store,1,420,0.0,420.0,244.94,175.06
S00870,2026-03-20,P003,B004,C0060,Corporate,2,950,0.0,1900.0,1473.04,426.96
S00871,2026-02-05,P007,B002,C0001,Online,1,1250,0.05,1187.5,900.98,286.52
S00872,2026-06-10,P002,B004,C0097,Corporate,1,3200,0.0,3200.0,2045.82,1154.18
S00873,2026-03-11,P010,B005,C0043,Online,1,190,0.15,161.5,113.28,48.22
S00874,2026-01-15,P009,B003,C0006,Corporate,1,3100,0.0,3100.0,2086.52,1013.48
S00875,2026-04-04,P006,B002,C0027,Online,2,780,0.1,1404.0,1126.11,277.89
S00876,2026-02-05,P006,B002,C0075,Online,2,780,0.15,1326.0,1197.81,128.19
S00877,2026-06-29,P004,B002,C0036,Store,3,420,0.1,1134.0,902.22,231.78
S00878,2026-01-14,P002,B003,C0061,Store,2,3200,0.1,5760.0,4773.84,986.16
S00879,2026-07-01,P009,B005,C0089,Corporate,2,3100,0.0,6200.0,4587.88,1612.12
S00880,2026-01-17,P004,B004,C0010,Store,1,420,0.0,420.0,267.82,152.18
S00881,2026-01-28,P003,B003,C0067,Store,1,950,0.0,950.0,717.25,232.75
S00882,2026-06-10,P001,B003,C0054,Store,2,4200,0.0,8400.0,5668.16,2731.84
S00883,2026-04-24,P001,B003,C0067,Store,1,4200,0.0,4200.0,3137.36,1062.64
S00884,2026-06-15,P006,B004,C0086,Online,2,780,0.0,1560.0,1056.48,503.52
S00885,2026-06-28,P009,B005,C0040,Store,1,3100,0.0,3100.0,2354.93,745.07
S00886,2026-02-13,P005,B002,C0037,Online,5,360,0.0,1800.0,1097.4,702.6
S00887,2026-04-27,P003,B005,C0023,Corporate,2,950,0.0,1900.0,1171.27,728.73
S00888,2026-07-01,P003,B002,C0057,Store,1,950,0.0,950.0,660.16,289.84
S00889,2026-03-08,P006,B002,C0045,Store,2,780,0.15,1326.0,1003.69,322.31
S00890,2026-02-07,P006,B004,C0004,Online,1,780,0.0,780.0,471.35,308.65
S00891,2026-04-14,P008,B002,C0095,Corporate,4,1800,0.0,7200.0,4182.18,3017.82
S00892,2026-05-20,P009,B003,C0097,Online,1,3100,0.0,3100.0,2399.16,700.84
S00893,2026-05-27,P003,B005,C0094,Online,4,950,0.0,3800.0,2727.75,1072.25
S00894,2026-05-03,P001,B002,C0029,Online,1,4200,0.0,4200.0,2773.37,1426.63
S00895,2026-04-25,P006,B001,C0029,Store,2,780,0.0,1560.0,1086.83,473.17
S00896,2026-03-13,P004,B001,C0012,Store,3,420,0.15,1071.0,900.03,170.97
S00897,2026-05-12,P007,B002,C0086,Online,2,1250,0.1,2250.0,1921.7,328.3
S00898,2026-04-03,P007,B002,C0037,Online,1,1250,0.05,1187.5,818.21,369.29
S00899,2026-03-30,P006,B003,C0057,Corporate,3,780,0.0,2340.0,1458.15,881.85
S00900,2026-04-17,P008,B003,C0054,Store,2,1800,0.05,3420.0,2612.6,807.4
S00901,2026-02-05,P010,B005,C0068,Store,1,190,0.05,180.5,147.76,32.74
S00902,2026-03-27,P002,B005,C0035,Online,1,3200,0.05,3040.0,2264.84,775.16
S00903,2026-04-17,P003,B005,C0049,Online,2,950,0.0,1900.0,1177.72,722.28
S00904,2026-03-16,P009,B004,C0072,Store,3,3100,0.1,8370.0,5959.28,2410.72
S00905,2026-04-29,P004,B001,C0082,Online,1,420,0.0,420.0,323.91,96.09
S00906,2026-05-01,P002,B003,C0004,Store,2,3200,0.15,5440.0,4537.33,902.67
S00907,2026-01-31,P005,B004,C0062,Corporate,1,360,0.15,306.0,234.85,71.15
S00908,2026-05-25,P007,B003,C0048,Online,2,1250,0.15,2125.0,1859.14,265.86
S00909,2026-05-12,P010,B001,C0060,Online,1,190,0.0,190.0,115.75,74.25
S00910,2026-06-27,P003,B003,C0046,Store,1,950,0.05,902.5,671.89,230.61
S00911,2026-01-13,P005,B003,C0081,Online,4,360,0.1,1296.0,891.02,404.98
S00912,2026-02-16,P002,B005,C0088,Online,2,3200,0.0,6400.0,4770.33,1629.67
S00913,2026-03-19,P005,B003,C0067,Store,2,360,0.0,720.0,419.46,300.54
S00914,2026-03-14,P006,B004,C0020,Store,4,780,0.0,3120.0,1873.51,1246.49
S00915,2026-05-09,P004,B002,C0068,Online,2,420,0.15,714.0,626.88,87.12
S00916,2026-05-17,P009,B001,C0003,Store,4,3100,0.0,12400.0,9222.73,3177.27
S00917,2026-05-03,P006,B003,C0077,Online,1,780,0.05,741.0,591.2,149.8
S00918,2026-05-14,P006,B002,C0089,Online,1,780,0.0,780.0,487.09,292.91
S00919,2026-02-06,P004,B003,C0098,Store,1,420,0.0,420.0,279.28,140.72
S00920,2026-01-29,P002,B001,C0005,Online,3,3200,0.0,9600.0,5944.99,3655.01
S00921,2026-06-18,P009,B005,C0039,Store,1,3100,0.0,3100.0,1824.83,1275.17
S00922,2026-06-20,P001,B001,C0026,Online,4,4200,0.0,16800.0,11718.35,5081.65
S00923,2026-02-17,P006,B001,C0045,Store,3,780,0.0,2340.0,1801.23,538.77
S00924,2026-04-01,P003,B005,C0013,Online,2,950,0.1,1710.0,1318.69,391.31
S00925,2026-05-29,P001,B005,C0097,Store,1,4200,0.0,4200.0,2580.29,1619.71
S00926,2026-05-18,P001,B001,C0090,Corporate,4,4200,0.15,14280.0,11339.04,2940.96
S00927,2026-05-31,P003,B004,C0055,Online,1,950,0.0,950.0,737.45,212.55
S00928,2026-02-24,P009,B002,C0015,Store,3,3100,0.0,9300.0,5623.92,3676.08
S00929,2026-05-14,P003,B004,C0011,Online,2,950,0.1,1710.0,1376.41,333.59
S00930,2026-03-25,P008,B001,C0057,Store,2,1800,0.15,3060.0,2312.64,747.36
S00931,2026-02-27,P009,B004,C0061,Store,3,3100,0.0,9300.0,6987.6,2312.4
S00932,2026-06-23,P006,B002,C0057,Store,2,780,0.15,1326.0,937.61,388.39
S00933,2026-05-14,P002,B001,C0095,Store,1,3200,0.1,2880.0,2481.65,398.35
S00934,2026-02-13,P002,B003,C0052,Corporate,1,3200,0.1,2880.0,2396.18,483.82
S00935,2026-02-01,P004,B004,C0076,Online,1,420,0.15,357.0,307.94,49.06
S00936,2026-03-11,P007,B003,C0066,Online,2,1250,0.05,2375.0,1943.76,431.24
S00937,2026-03-13,P003,B004,C0018,Store,1,950,0.05,902.5,594.86,307.64
S00938,2026-01-08,P002,B001,C0049,Online,2,3200,0.0,6400.0,4956.25,1443.75
S00939,2026-06-04,P006,B002,C0067,Store,2,780,0.0,1560.0,1111.06,448.94
S00940,2026-05-07,P008,B002,C0044,Store,2,1800,0.1,3240.0,2276.4,963.6
S00941,2026-05-19,P009,B001,C0016,Corporate,1,3100,0.05,2945.0,2343.68,601.32
S00942,2026-04-09,P008,B003,C0072,Corporate,1,1800,0.0,1800.0,1055.83,744.17
S00943,2026-06-18,P005,B002,C0098,Online,1,360,0.15,306.0,236.81,69.19
S00944,2026-01-29,P010,B004,C0072,Online,2,190,0.1,342.0,256.11,85.89
S00945,2026-02-10,P009,B001,C0046,Store,2,3100,0.05,5890.0,4361.01,1528.99
S00946,2026-03-14,P006,B001,C0095,Store,1,780,0.0,780.0,506.82,273.18
S00947,2026-05-30,P001,B003,C0008,Store,1,4200,0.0,4200.0,2782.02,1417.98
S00948,2026-06-19,P004,B002,C0009,Store,1,420,0.0,420.0,320.07,99.93
S00949,2026-03-20,P002,B003,C0055,Store,2,3200,0.0,6400.0,4301.96,2098.04
S00950,2026-05-26,P009,B004,C0041,Store,2,3100,0.1,5580.0,3623.57,1956.43
S00951,2026-04-07,P010,B004,C0087,Store,1,190,0.05,180.5,114.0,66.5
S00952,2026-02-22,P006,B004,C0039,Online,3,780,0.0,2340.0,1435.18,904.82
S00953,2026-04-04,P007,B002,C0069,Online,3,1250,0.0,3750.0,2805.29,944.71
S00954,2026-02-24,P005,B003,C0080,Store,5,360,0.05,1710.0,1333.66,376.34
S00955,2026-01-24,P010,B001,C0061,Online,1,190,0.1,171.0,140.65,30.35
S00956,2026-04-20,P004,B003,C0039,Online,2,420,0.0,840.0,571.98,268.02
S00957,2026-04-21,P009,B003,C0086,Store,1,3100,0.1,2790.0,2117.53,672.47
S00958,2026-05-21,P003,B001,C0028,Online,2,950,0.0,1900.0,1321.2,578.8
S00959,2026-06-19,P008,B003,C0056,Corporate,2,1800,0.1,3240.0,2702.0,538.0
S00960,2026-05-25,P001,B005,C0088,Store,2,4200,0.0,8400.0,5124.79,3275.21
S00961,2026-03-18,P007,B004,C0053,Store,3,1250,0.0,3750.0,2650.45,1099.55
S00962,2026-03-10,P005,B002,C0020,Store,2,360,0.05,684.0,451.94,232.06
S00963,2026-02-19,P001,B002,C0056,Online,1,4200,0.05,3990.0,2906.25,1083.75
S00964,2026-04-19,P001,B002,C0036,Store,1,4200,0.0,4200.0,3099.32,1100.68
S00965,2026-06-18,P009,B002,C0003,Online,1,3100,0.15,2635.0,2099.22,535.78
S00966,2026-01-15,P002,B003,C0086,Online,3,3200,0.05,9120.0,7289.8,1830.2
S00967,2026-06-18,P002,B004,C0074,Corporate,2,3200,0.0,6400.0,4014.13,2385.87
S00968,2026-05-09,P002,B005,C0012,Online,2,3200,0.1,5760.0,4034.31,1725.69
S00969,2026-03-02,P010,B001,C0096,Online,1,190,0.1,171.0,138.21,32.79
S00970,2026-03-02,P007,B002,C0033,Store,1,1250,0.0,1250.0,834.87,415.13
S00971,2026-05-31,P001,B004,C0055,Online,2,4200,0.0,8400.0,5403.7,2996.3
S00972,2026-05-02,P004,B003,C0048,Corporate,4,420,0.0,1680.0,1134.07,545.93
S00973,2026-03-20,P001,B005,C0086,Store,2,4200,0.0,8400.0,6032.35,2367.65
S00974,2026-03-03,P005,B005,C0088,Store,2,360,0.15,612.0,469.85,142.15
S00975,2026-02-01,P009,B002,C0033,Corporate,1,3100,0.05,2945.0,2373.05,571.95
S00976,2026-03-19,P002,B002,C0081,Store,3,3200,0.0,9600.0,7326.51,2273.49
S00977,2026-03-23,P007,B001,C0053,Store,1,1250,0.05,1187.5,842.77,344.73
S00978,2026-03-27,P007,B001,C0054,Online,2,1250,0.1,2250.0,1483.18,766.82
S00979,2026-06-04,P009,B003,C0024,Online,1,3100,0.0,3100.0,2195.65,904.35
S00980,2026-06-11,P008,B002,C0011,Store,1,1800,0.0,1800.0,1156.94,643.06
S00981,2026-01-29,P003,B002,C0077,Online,4,950,0.15,3230.0,2784.0,446.0
S00982,2026-06-25,P007,B003,C0088,Online,3,1250,0.0,3750.0,2370.51,1379.49
S00983,2026-06-01,P006,B003,C0049,Store,1,780,0.0,780.0,513.79,266.21
S00984,2026-05-27,P004,B001,C0030,Corporate,4,420,0.15,1428.0,1180.03,247.97
S00985,2026-01-23,P008,B002,C0055,Store,3,1800,0.0,5400.0,3565.12,1834.88
S00986,2026-06-03,P005,B002,C0092,Store,1,360,0.1,324.0,217.25,106.75
S00987,2026-05-15,P007,B004,C0025,Online,2,1250,0.0,2500.0,1806.78,693.22
S00988,2026-03-10,P005,B004,C0037,Store,1,360,0.0,360.0,252.01,107.99
S00989,2026-06-23,P004,B004,C0034,Store,3,420,0.0,1260.0,803.93,456.07
S00990,2026-03-02,P010,B004,C0011,Corporate,1,190,0.15,161.5,134.79,26.71
S00991,2026-01-03,P008,B002,C0092,Corporate,5,1800,0.05,8550.0,6456.33,2093.67
S00992,2026-04-09,P007,B005,C0031,Store,1,1250,0.0,1250.0,738.03,511.97
S00993,2026-05-01,P006,B005,C0006,Corporate,4,780,0.1,2808.0,2252.37,555.63
S00994,2026-01-02,P005,B005,C0017,Online,1,360,0.05,342.0,257.13,84.87
S00995,2026-05-24,P001,B005,C0060,Store,1,4200,0.05,3990.0,3217.47,772.53
S00996,2026-02-03,P002,B003,C0006,Online,1,3200,0.0,3200.0,1930.78,1269.22
S00997,2026-02-02,P008,B003,C0034,Online,4,1800,0.0,7200.0,5476.02,1723.98
S00998,2026-06-06,P005,B005,C0063,Store,3,360,0.0,1080.0,785.56,294.44
S00999,2026-02-08,P009,B004,C0061,Store,1,3100,0.0,3100.0,1911.55,1188.45
S01000,2026-03-08,P003,B004,C0046,Store,5,950,0.05,4512.5,2793.75,1718.75
S01001,2026-07-01,P009,B004,C0016,Online,1,3100,0.15,2635.0,2335.47,299.53
S01002,2026-03-31,P002,B002,C0035,Corporate,1,3200,0.0,3200.0,2335.96,864.04
S01003,2026-05-25,P010,B002,C0024,Online,5,190,0.1,855.0,696.7,158.3
S01004,2026-04-17,P002,B002,C0088,Online,2,3200,0.0,6400.0,3745.23,2654.77
S01005,2026-06-24,P002,B004,C0020,Store,4,3200,0.0,12800.0,9566.66,3233.34
S01006,2026-01-08,P002,B004,C0035,Online,2,3200,0.05,6080.0,4516.3,1563.7
S01007,2026-06-02,P001,B003,C0094,Corporate,2,4200,0.05,7980.0,5417.86,2562.14
S01008,2026-05-26,P003,B002,C0008,Corporate,3,950,0.0,2850.0,1837.21,1012.79
S01009,2026-01-19,P009,B005,C0099,Store,1,3100,0.0,3100.0,1946.85,1153.15
S01010,2026-04-13,P002,B001,C0097,Corporate,1,3200,0.05,3040.0,2038.36,1001.64
S01011,2026-06-17,P003,B001,C0040,Store,3,950,0.15,2422.5,2112.62,309.88
S01012,2026-06-25,P010,B002,C0063,Store,1,190,0.0,190.0,129.68,60.32
S01013,2026-04-25,P007,B004,C0048,Store,2,1250,0.0,2500.0,1828.25,671.75
S01014,2026-06-07,P003,B004,C0060,Online,1,950,0.1,855.0,615.93,239.07
S01015,2026-06-23,P004,B002,C0038,Corporate,2,420,0.15,714.0,575.35,138.65
S01016,2026-04-30,P007,B001,C0088,Corporate,2,1250,0.0,2500.0,1942.09,557.91
S01017,2026-03-18,P004,B005,C0006,Store,2,420,0.1,756.0,500.06,255.94
S01018,2026-05-12,P002,B005,C0033,Store,1,3200,0.15,2720.0,2317.0,403.0
S01019,2026-04-01,P005,B005,C0060,Store,2,360,0.0,720.0,524.23,195.77
S01020,2026-02-15,P003,B004,C0076,Store,1,950,0.15,807.5,607.55,199.95
S01021,2026-04-27,P008,B005,C0011,Online,1,1800,0.0,1800.0,1119.98,680.02
S01022,2026-06-04,P005,B001,C0022,Store,1,360,0.05,342.0,217.2,124.8
S01023,2026-06-17,P008,B004,C0063,Online,3,1800,0.15,4590.0,3782.04,807.96
S01024,2026-03-19,P010,B005,C0039,Store,2,190,0.15,323.0,271.71,51.29
S01025,2026-01-23,P003,B002,C0025,Store,1,950,0.0,950.0,683.25,266.75
S01026,2026-01-07,P004,B004,C0069,Online,2,420,0.05,798.0,628.67,169.33
S01027,2026-02-18,P002,B003,C0022,Online,1,3200,0.05,3040.0,1869.96,1170.04
S01028,2026-02-09,P008,B004,C0038,Online,3,1800,0.1,4860.0,3394.04,1465.96
S01029,2026-05-26,P007,B001,C0054,Store,1,1250,0.15,1062.5,832.95,229.55
S01030,2026-05-07,P010,B005,C0063,Online,5,190,0.0,950.0,643.62,306.38
S01031,2026-05-12,P010,B005,C0008,Corporate,4,190,0.05,722.0,476.05,245.95
S01032,2026-05-16,P001,B004,C0054,Online,2,4200,0.0,8400.0,6372.03,2027.97
S01033,2026-05-02,P002,B004,C0003,Online,2,3200,0.05,6080.0,4604.82,1475.18
S01034,2026-02-11,P005,B002,C0088,Online,1,360,0.1,324.0,224.62,99.38
S01035,2026-03-28,P010,B004,C0054,Store,1,190,0.15,161.5,125.03,36.47
S01036,2026-06-22,P006,B004,C0089,Online,3,780,0.1,2106.0,1454.17,651.83
S01037,2026-01-23,P008,B002,C0054,Store,1,1800,0.05,1710.0,1080.33,629.67
S01038,2026-05-07,P005,B002,C0034,Store,1,360,0.0,360.0,234.63,125.37
S01039,2026-04-02,P003,B002,C0044,Online,3,950,0.0,2850.0,2112.88,737.12
S01040,2026-04-21,P002,B005,C0044,Store,2,3200,0.05,6080.0,4042.01,2037.99
S01041,2026-04-01,P001,B005,C0078,Store,1,4200,0.15,3570.0,3169.9,400.1
S01042,2026-06-21,P002,B001,C0097,Corporate,1,3200,0.05,3040.0,2472.09,567.91
S01043,2026-01-29,P002,B005,C0006,Online,3,3200,0.0,9600.0,7149.33,2450.67
S01044,2026-05-10,P002,B002,C0038,Online,3,3200,0.0,9600.0,5869.5,3730.5
S01045,2026-07-01,P008,B005,C0043,Online,3,1800,0.0,5400.0,3830.86,1569.14
S01046,2026-02-05,P002,B002,C0061,Store,1,3200,0.0,3200.0,2013.0,1187.0
S01047,2026-03-29,P005,B005,C0047,Store,1,360,0.15,306.0,263.15,42.85
S01048,2026-06-11,P004,B002,C0055,Online,2,420,0.0,840.0,510.38,329.62
S01049,2026-04-16,P007,B004,C0004,Corporate,2,1250,0.15,2125.0,1630.89,494.11
S01050,2026-04-24,P003,B001,C0041,Online,2,950,0.0,1900.0,1134.22,765.78
S01051,2026-04-13,P003,B004,C0020,Store,3,950,0.15,2422.5,2178.84,243.66
S01052,2026-05-28,P001,B005,C0039,Corporate,1,4200,0.15,3570.0,3024.66,545.34
S01053,2026-03-22,P006,B001,C0090,Online,4,780,0.1,2808.0,2383.96,424.04
S01054,2026-04-14,P008,B002,C0090,Corporate,2,1800,0.1,3240.0,2557.47,682.53
S01055,2026-03-30,P007,B002,C0093,Corporate,1,1250,0.1,1125.0,808.62,316.38
S01056,2026-02-02,P009,B005,C0044,Store,1,3100,0.1,2790.0,1991.6,798.4
S01057,2026-06-12,P003,B001,C0100,Store,3,950,0.1,2565.0,1800.45,764.55
S01058,2026-03-19,P007,B005,C0065,Store,1,1250,0.0,1250.0,789.94,460.06
S01059,2026-04-01,P002,B001,C0095,Online,4,3200,0.05,12160.0,8186.78,3973.22
S01060,2026-01-02,P008,B003,C0081,Corporate,3,1800,0.1,4860.0,3742.85,1117.15
S01061,2026-06-20,P009,B005,C0092,Store,1,3100,0.15,2635.0,2284.57,350.43
S01062,2026-05-27,P003,B004,C0025,Online,1,950,0.0,950.0,649.13,300.87
S01063,2026-04-03,P008,B001,C0008,Store,1,1800,0.05,1710.0,1073.5,636.5
S01064,2026-04-19,P003,B004,C0076,Store,1,950,0.15,807.5,650.99,156.51
S01065,2026-05-24,P009,B004,C0057,Corporate,2,3100,0.15,5270.0,4121.04,1148.96
S01066,2026-06-26,P008,B004,C0059,Online,1,1800,0.0,1800.0,1218.52,581.48
S01067,2026-02-03,P009,B005,C0021,Store,1,3100,0.05,2945.0,1818.22,1126.78
S01068,2026-05-24,P006,B001,C0038,Online,1,780,0.0,780.0,510.06,269.94
S01069,2026-01-11,P009,B002,C0063,Store,1,3100,0.0,3100.0,1986.02,1113.98
S01070,2026-01-08,P003,B002,C0028,Online,1,950,0.0,950.0,719.92,230.08
S01071,2026-02-16,P008,B001,C0074,Store,1,1800,0.0,1800.0,1194.33,605.67
S01072,2026-03-21,P010,B004,C0078,Corporate,3,190,0.05,541.5,425.73,115.77
S01073,2026-02-03,P003,B005,C0094,Online,3,950,0.15,2422.5,1908.97,513.53
S01074,2026-03-25,P002,B005,C0044,Online,1,3200,0.0,3200.0,2432.16,767.84
S01075,2026-05-19,P001,B004,C0074,Online,2,4200,0.0,8400.0,6060.11,2339.89
S01076,2026-06-11,P005,B005,C0080,Online,2,360,0.0,720.0,445.31,274.69
S01077,2026-05-19,P010,B001,C0003,Corporate,2,190,0.05,361.0,258.6,102.4
S01078,2026-01-31,P009,B002,C0091,Corporate,1,3100,0.0,3100.0,1950.08,1149.92
S01079,2026-05-29,P008,B001,C0063,Online,2,1800,0.05,3420.0,2512.0,908.0
S01080,2026-01-06,P006,B004,C0033,Store,1,780,0.1,702.0,501.91,200.09
S01081,2026-01-24,P002,B001,C0012,Online,1,3200,0.0,3200.0,2019.55,1180.45
S01082,2026-02-09,P005,B004,C0092,Online,1,360,0.0,360.0,221.86,138.14
S01083,2026-01-15,P005,B004,C0016,Store,1,360,0.0,360.0,227.37,132.63
S01084,2026-01-14,P004,B002,C0065,Online,2,420,0.05,798.0,572.65,225.35
S01085,2026-04-09,P002,B003,C0004,Store,2,3200,0.05,6080.0,3795.79,2284.21
S01086,2026-04-15,P004,B001,C0098,Store,4,420,0.15,1428.0,1008.51,419.49
S01087,2026-05-23,P003,B003,C0019,Online,1,950,0.15,807.5,646.08,161.42
S01088,2026-04-06,P009,B002,C0072,Online,2,3100,0.05,5890.0,4788.08,1101.92
S01089,2026-04-26,P001,B001,C0022,Online,4,4200,0.1,15120.0,10715.88,4404.12
S01090,2026-01-01,P001,B004,C0045,Store,1,4200,0.15,3570.0,2755.33,814.67
S01091,2026-06-11,P004,B005,C0073,Online,1,420,0.0,420.0,305.69,114.31
S01092,2026-01-18,P005,B001,C0036,Store,1,360,0.0,360.0,261.01,98.99
S01093,2026-04-21,P004,B005,C0082,Online,3,420,0.15,1071.0,969.04,101.96
S01094,2026-03-08,P008,B003,C0077,Store,5,1800,0.0,9000.0,5599.12,3400.88
S01095,2026-03-26,P001,B002,C0002,Online,1,4200,0.05,3990.0,2439.59,1550.41
S01096,2026-06-22,P003,B004,C0069,Online,2,950,0.05,1805.0,1391.74,413.26
S01097,2026-01-21,P002,B005,C0016,Store,3,3200,0.15,8160.0,6422.74,1737.26
S01098,2026-04-01,P007,B005,C0016,Store,1,1250,0.15,1062.5,970.95,91.55
S01099,2026-04-29,P006,B002,C0088,Store,1,780,0.0,780.0,570.71,209.29
S01100,2026-07-01,P006,B002,C0029,Store,2,780,0.0,1560.0,1157.03,402.97
S01101,2026-03-01,P008,B003,C0027,Store,2,1800,0.15,3060.0,2597.02,462.98
S01102,2026-01-02,P004,B004,C0071,Store,1,420,0.1,378.0,285.1,92.9
S01103,2026-02-19,P010,B005,C0017,Online,1,190,0.0,190.0,138.55,51.45
S01104,2026-03-08,P010,B002,C0087,Corporate,2,190,0.0,380.0,234.98,145.02
S01105,2026-01-06,P009,B005,C0055,Store,2,3100,0.05,5890.0,3598.42,2291.58
S01106,2026-06-14,P001,B003,C0067,Store,5,4200,0.0,21000.0,12691.21,8308.79
S01107,2026-04-30,P008,B003,C0036,Online,1,1800,0.15,1530.0,1124.84,405.16
S01108,2026-04-18,P009,B004,C0074,Store,1,3100,0.0,3100.0,1848.72,1251.28
S01109,2026-01-07,P004,B004,C0040,Corporate,4,420,0.0,1680.0,1029.67,650.33
S01110,2026-01-17,P002,B001,C0043,Online,3,3200,0.1,8640.0,7098.66,1541.34
S01111,2026-03-06,P004,B001,C0067,Online,4,420,0.0,1680.0,1250.47,429.53
S01112,2026-03-02,P002,B005,C0016,Online,3,3200,0.15,8160.0,6425.2,1734.8
S01113,2026-01-22,P001,B001,C0017,Store,3,4200,0.15,10710.0,7471.87,3238.13
S01114,2026-01-16,P008,B001,C0008,Store,2,1800,0.0,3600.0,2161.32,1438.68
S01115,2026-05-24,P001,B003,C0030,Online,1,4200,0.1,3780.0,3067.65,712.35
S01116,2026-06-03,P010,B001,C0080,Online,2,190,0.05,361.0,287.28,73.72
S01117,2026-01-26,P006,B001,C0002,Online,1,780,0.0,780.0,469.25,310.75
S01118,2026-06-02,P002,B005,C0066,Online,1,3200,0.1,2880.0,1936.63,943.37
S01119,2026-03-07,P006,B004,C0006,Online,2,780,0.0,1560.0,980.66,579.34
S01120,2026-01-16,P003,B003,C0040,Online,2,950,0.15,1615.0,1388.66,226.34
S01121,2026-05-30,P009,B002,C0002,Store,1,3100,0.0,3100.0,1978.46,1121.54
S01122,2026-05-13,P010,B002,C0055,Store,2,190,0.1,342.0,285.66,56.34
S01123,2026-03-30,P004,B002,C0086,Online,1,420,0.0,420.0,272.29,147.71
S01124,2026-05-02,P008,B005,C0079,Online,3,1800,0.1,4860.0,4172.11,687.89
S01125,2026-03-18,P007,B003,C0001,Store,2,1250,0.0,2500.0,1697.97,802.03
S01126,2026-06-13,P004,B002,C0043,Online,1,420,0.05,399.0,305.31,93.69
S01127,2026-04-07,P004,B004,C0046,Store,5,420,0.0,2100.0,1222.15,877.85
S01128,2026-01-08,P009,B001,C0098,Store,1,3100,0.15,2635.0,2161.13,473.87
S01129,2026-04-03,P001,B001,C0093,Store,1,4200,0.0,4200.0,3179.72,1020.28
S01130,2026-02-14,P006,B005,C0013,Store,1,780,0.0,780.0,583.89,196.11
S01131,2026-01-06,P003,B004,C0040,Online,3,950,0.0,2850.0,2186.59,663.41
S01132,2026-04-27,P004,B003,C0080,Online,2,420,0.1,756.0,651.35,104.65
S01133,2026-04-22,P002,B001,C0049,Store,4,3200,0.0,12800.0,7914.7,4885.3
S01134,2026-06-27,P006,B003,C0098,Online,5,780,0.0,3900.0,2980.39,919.61
S01135,2026-06-07,P010,B002,C0007,Corporate,1,190,0.0,190.0,122.65,67.35
S01136,2026-06-11,P005,B002,C0011,Corporate,4,360,0.05,1368.0,895.46,472.54
S01137,2026-05-01,P010,B001,C0048,Store,1,190,0.15,161.5,138.74,22.76
S01138,2026-05-08,P009,B004,C0092,Store,2,3100,0.1,5580.0,4457.19,1122.81
S01139,2026-05-07,P008,B003,C0027,Online,2,1800,0.1,3240.0,2555.81,684.19
S01140,2026-02-26,P004,B004,C0049,Corporate,1,420,0.0,420.0,279.3,140.7
S01141,2026-05-27,P003,B003,C0067,Store,1,950,0.0,950.0,607.06,342.94
S01142,2026-04-01,P004,B005,C0060,Store,2,420,0.0,840.0,558.79,281.21
S01143,2026-04-21,P007,B003,C0057,Online,1,1250,0.05,1187.5,731.18,456.32
S01144,2026-03-01,P005,B001,C0083,Store,1,360,0.1,324.0,245.72,78.28
S01145,2026-01-21,P005,B002,C0043,Store,1,360,0.0,360.0,248.11,111.89
S01146,2026-02-20,P006,B003,C0025,Store,3,780,0.15,1989.0,1752.87,236.13
S01147,2026-06-30,P010,B002,C0034,Corporate,3,190,0.15,484.5,392.52,91.98
S01148,2026-01-03,P005,B003,C0075,Online,3,360,0.05,1026.0,830.7,195.3
S01149,2026-06-17,P001,B004,C0030,Online,5,4200,0.0,21000.0,15814.96,5185.04
S01150,2026-02-28,P004,B004,C0093,Store,2,420,0.1,756.0,614.48,141.52
S01151,2026-04-29,P006,B001,C0057,Store,1,780,0.15,663.0,517.56,145.44
S01152,2026-04-26,P009,B001,C0095,Store,2,3100,0.0,6200.0,3974.91,2225.09
S01153,2026-01-03,P008,B003,C0098,Store,1,1800,0.15,1530.0,1314.95,215.05
S01154,2026-06-26,P009,B003,C0020,Store,1,3100,0.0,3100.0,2369.73,730.27
S01155,2026-03-26,P010,B005,C0027,Corporate,2,190,0.05,361.0,294.89,66.11
S01156,2026-04-11,P002,B005,C0058,Store,2,3200,0.0,6400.0,4440.98,1959.02
S01157,2026-06-13,P005,B001,C0089,Store,2,360,0.0,720.0,422.22,297.78
S01158,2026-06-04,P008,B001,C0030,Store,1,1800,0.05,1710.0,1146.17,563.83
S01159,2026-03-16,P009,B001,C0053,Online,1,3100,0.0,3100.0,1904.53,1195.47
S01160,2026-04-11,P003,B001,C0027,Store,1,950,0.15,807.5,564.06,243.44
S01161,2026-02-03,P004,B003,C0074,Store,2,420,0.05,798.0,513.88,284.12
S01162,2026-03-21,P010,B002,C0019,Online,2,190,0.0,380.0,235.73,144.27
S01163,2026-04-25,P002,B004,C0063,Online,1,3200,0.0,3200.0,2438.59,761.41
S01164,2026-04-28,P008,B005,C0059,Store,1,1800,0.15,1530.0,1361.16,168.84
S01165,2026-03-30,P005,B004,C0023,Online,3,360,0.0,1080.0,716.05,363.95
S01166,2026-06-08,P007,B004,C0051,Store,2,1250,0.15,2125.0,1734.31,390.69
S01167,2026-06-28,P001,B002,C0086,Corporate,1,4200,0.15,3570.0,2887.7,682.3
S01168,2026-01-18,P004,B004,C0010,Store,3,420,0.0,1260.0,981.62,278.38
S01169,2026-01-27,P009,B003,C0060,Store,1,3100,0.0,3100.0,2111.76,988.24
S01170,2026-01-07,P002,B004,C0002,Store,2,3200,0.0,6400.0,4219.74,2180.26
S01171,2026-03-06,P002,B002,C0011,Store,2,3200,0.05,6080.0,4302.54,1777.46
S01172,2026-05-21,P004,B004,C0003,Store,3,420,0.0,1260.0,773.79,486.21
S01173,2026-06-05,P002,B002,C0086,Store,2,3200,0.05,6080.0,3927.62,2152.38
S01174,2026-01-03,P005,B002,C0087,Store,1,360,0.15,306.0,211.28,94.72
S01175,2026-05-17,P004,B004,C0092,Online,3,420,0.1,1134.0,892.34,241.66
S01176,2026-06-18,P002,B004,C0099,Online,1,3200,0.1,2880.0,1858.99,1021.01
S01177,2026-04-07,P004,B002,C0004,Store,1,420,0.0,420.0,244.95,175.05
S01178,2026-01-04,P006,B002,C0086,Online,1,780,0.0,780.0,576.72,203.28
S01179,2026-02-12,P003,B001,C0081,Store,1,950,0.0,950.0,612.31,337.69
S01180,2026-02-18,P010,B002,C0028,Corporate,1,190,0.05,180.5,114.79,65.71
S01181,2026-01-28,P006,B003,C0028,Store,1,780,0.0,780.0,454.27,325.73
S01182,2026-04-28,P004,B001,C0009,Online,1,420,0.1,378.0,274.59,103.41
S01183,2026-02-25,P007,B003,C0073,Online,2,1250,0.0,2500.0,1806.27,693.73
S01184,2026-02-13,P005,B001,C0099,Online,5,360,0.15,1530.0,1183.88,346.12
S01185,2026-06-27,P003,B003,C0086,Store,3,950,0.15,2422.5,1834.24,588.26
S01186,2026-05-04,P002,B003,C0082,Store,4,3200,0.05,12160.0,8402.87,3757.13
S01187,2026-03-01,P009,B005,C0016,Online,1,3100,0.0,3100.0,2180.14,919.86
S01188,2026-03-21,P004,B004,C0064,Online,2,420,0.0,840.0,510.31,329.69
S01189,2026-03-17,P004,B002,C0077,Store,2,420,0.0,840.0,642.33,197.67
S01190,2026-04-24,P006,B002,C0054,Store,2,780,0.0,1560.0,1067.31,492.69
S01191,2026-06-15,P005,B001,C0070,Store,2,360,0.0,720.0,452.48,267.52
S01192,2026-01-14,P004,B002,C0081,Online,1,420,0.0,420.0,259.02,160.98
S01193,2026-01-02,P002,B004,C0027,Store,1,3200,0.15,2720.0,2490.89,229.11
S01194,2026-02-02,P002,B002,C0011,Online,3,3200,0.0,9600.0,6021.72,3578.28
S01195,2026-04-20,P008,B003,C0032,Store,1,1800,0.05,1710.0,1107.52,602.48
S01196,2026-03-19,P005,B005,C0062,Store,2,360,0.0,720.0,541.79,178.21
S01197,2026-01-21,P006,B004,C0095,Store,2,780,0.05,1482.0,1062.45,419.55
S01198,2026-04-21,P003,B004,C0039,Store,1,950,0.0,950.0,695.18,254.82
S01199,2026-06-02,P009,B002,C0059,Online,1,3100,0.05,2945.0,2085.46,859.54
S01200,2026-03-14,P007,B005,C0026,Online,1,1250,0.0,1250.0,903.72,346.28
S01201,2026-02-09,P004,B001,C0052,Store,2,420,0.15,714.0,550.08,163.92
S01202,2026-04-17,P007,B003,C0005,Store,1,1250,0.1,1125.0,742.81,382.19
S01203,2026-02-01,P007,B005,C0097,Store,3,1250,0.0,3750.0,2753.45,996.55
S01204,2026-03-31,P009,B004,C0055,Online,1,3100,0.0,3100.0,2201.56,898.44
S01205,2026-03-05,P004,B004,C0004,Store,3,420,0.15,1071.0,908.85,162.15
S01206,2026-06-28,P003,B003,C0078,Online,4,950,0.0,3800.0,2397.26,1402.74
S01207,2026-05-29,P003,B001,C0051,Store,1,950,0.15,807.5,725.21,82.29
S01208,2026-06-30,P010,B001,C0055,Online,1,190,0.05,180.5,116.5,64.0
S01209,2026-03-06,P005,B005,C0094,Corporate,2,360,0.05,684.0,502.0,182.0
S01210,2026-04-16,P002,B001,C0035,Online,3,3200,0.0,9600.0,7131.32,2468.68
S01211,2026-02-23,P007,B003,C0009,Store,1,1250,0.05,1187.5,725.39,462.11
S01212,2026-06-28,P007,B005,C0048,Store,1,1250,0.05,1187.5,767.66,419.84
S01213,2026-02-17,P003,B002,C0028,Online,2,950,0.0,1900.0,1273.25,626.75
S01214,2026-02-17,P004,B001,C0053,Online,3,420,0.0,1260.0,796.16,463.84
S01215,2026-04-23,P010,B001,C0016,Corporate,1,190,0.0,190.0,113.46,76.54
S01216,2026-03-12,P002,B003,C0013,Store,1,3200,0.05,3040.0,2286.59,753.41
S01217,2026-01-03,P001,B003,C0006,Online,1,4200,0.1,3780.0,3098.93,681.07
S01218,2026-01-25,P004,B005,C0098,Online,1,420,0.1,378.0,326.5,51.5
S01219,2026-03-10,P008,B004,C0044,Online,2,1800,0.0,3600.0,2354.97,1245.03
S01220,2026-03-22,P004,B003,C0043,Online,1,420,0.0,420.0,325.53,94.47
S01221,2026-01-26,P001,B004,C0016,Corporate,1,4200,0.0,4200.0,2457.57,1742.43
S01222,2026-05-16,P005,B002,C0066,Store,2,360,0.15,612.0,542.86,69.14
S01223,2026-04-16,P004,B001,C0047,Corporate,4,420,0.0,1680.0,979.99,700.01
S01224,2026-01-12,P006,B004,C0011,Store,2,780,0.15,1326.0,1095.93,230.07
S01225,2026-03-31,P007,B004,C0038,Corporate,3,1250,0.0,3750.0,2725.71,1024.29
S01226,2026-06-05,P004,B002,C0017,Corporate,3,420,0.15,1071.0,857.97,213.03
S01227,2026-05-08,P002,B003,C0058,Online,5,3200,0.05,15200.0,9817.77,5382.23
S01228,2026-01-30,P008,B005,C0014,Store,1,1800,0.15,1530.0,1295.97,234.03
S01229,2026-04-22,P001,B002,C0029,Corporate,1,4200,0.05,3990.0,3079.7,910.3
S01230,2026-03-07,P008,B001,C0012,Online,4,1800,0.15,6120.0,5220.6,899.4
S01231,2026-06-27,P006,B002,C0044,Corporate,3,780,0.1,2106.0,1387.46,718.54
S01232,2026-04-07,P007,B005,C0015,Corporate,1,1250,0.0,1250.0,780.89,469.11
S01233,2026-03-16,P002,B001,C0015,Store,2,3200,0.0,6400.0,4665.11,1734.89
S01234,2026-05-27,P006,B002,C0040,Corporate,4,780,0.1,2808.0,2269.44,538.56
S01235,2026-01-16,P010,B005,C0047,Store,1,190,0.05,180.5,122.35,58.15
S01236,2026-06-23,P003,B005,C0069,Online,2,950,0.0,1900.0,1252.22,647.78
S01237,2026-04-28,P006,B002,C0059,Online,1,780,0.0,780.0,530.37,249.63
S01238,2026-02-07,P010,B003,C0041,Store,2,190,0.15,323.0,223.01,99.99
S01239,2026-03-21,P009,B001,C0028,Store,3,3100,0.1,8370.0,6283.61,2086.39
S01240,2026-05-07,P005,B004,C0027,Store,3,360,0.0,1080.0,805.22,274.78
S01241,2026-02-27,P001,B002,C0085,Corporate,2,4200,0.0,8400.0,6525.77,1874.23
S01242,2026-02-10,P001,B005,C0097,Store,1,4200,0.05,3990.0,3267.86,722.14
S01243,2026-04-11,P007,B001,C0090,Online,1,1250,0.15,1062.5,955.77,106.73
S01244,2026-05-21,P007,B001,C0007,Store,3,1250,0.1,3375.0,2824.39,550.61
S01245,2026-07-01,P005,B004,C0038,Online,2,360,0.05,684.0,517.82,166.18
S01246,2026-02-07,P004,B002,C0093,Online,1,420,0.15,357.0,244.37,112.63
S01247,2026-05-28,P002,B002,C0008,Store,5,3200,0.15,13600.0,11973.31,1626.69
S01248,2026-01-25,P006,B004,C0076,Store,1,780,0.1,702.0,553.82,148.18
S01249,2026-04-22,P003,B004,C0089,Store,1,950,0.05,902.5,643.84,258.66
S01250,2026-06-02,P003,B004,C0100,Online,5,950,0.15,4037.5,3380.59,656.91
S01251,2026-04-29,P007,B003,C0011,Online,1,1250,0.0,1250.0,755.0,495.0
S01252,2026-02-01,P008,B005,C0089,Store,2,1800,0.1,3240.0,2433.24,806.76
S01253,2026-01-25,P010,B002,C0074,Store,5,190,0.15,807.5,633.39,174.11
S01254,2026-02-02,P002,B003,C0090,Store,4,3200,0.1,11520.0,7897.32,3622.68
S01255,2026-01-06,P007,B005,C0067,Online,3,1250,0.1,3375.0,2541.42,833.58
S01256,2026-05-30,P009,B001,C0024,Online,1,3100,0.15,2635.0,2354.51,280.49
S01257,2026-06-03,P003,B001,C0074,Online,3,950,0.0,2850.0,1675.31,1174.69
S01258,2026-02-22,P003,B001,C0016,Online,3,950,0.0,2850.0,1701.23,1148.77
S01259,2026-05-10,P005,B003,C0039,Corporate,1,360,0.15,306.0,208.81,97.19
S01260,2026-01-12,P009,B003,C0041,Online,1,3100,0.1,2790.0,2102.07,687.93
S01261,2026-05-14,P006,B005,C0006,Online,1,780,0.0,780.0,555.77,224.23
S01262,2026-03-02,P001,B002,C0078,Store,3,4200,0.0,12600.0,9720.71,2879.29
S01263,2026-05-22,P004,B005,C0071,Store,1,420,0.1,378.0,279.05,98.95
S01264,2026-03-07,P005,B004,C0033,Online,1,360,0.05,342.0,214.79,127.21
S01265,2026-06-23,P007,B002,C0082,Online,1,1250,0.15,1062.5,792.35,270.15
S01266,2026-06-28,P004,B003,C0054,Online,2,420,0.1,756.0,588.83,167.17
S01267,2026-02-09,P006,B004,C0016,Store,4,780,0.0,3120.0,1857.98,1262.02
S01268,2026-05-17,P002,B005,C0043,Store,1,3200,0.0,3200.0,2088.2,1111.8
S01269,2026-03-11,P003,B002,C0014,Store,1,950,0.0,950.0,622.94,327.06
S01270,2026-02-01,P003,B005,C0045,Online,1,950,0.05,902.5,569.15,333.35
S01271,2026-06-29,P010,B003,C0097,Online,2,190,0.0,380.0,233.38,146.62
S01272,2026-04-10,P003,B003,C0052,Online,2,950,0.1,1710.0,1311.64,398.36
S01273,2026-05-03,P010,B002,C0017,Store,2,190,0.15,323.0,232.22,90.78
S01274,2026-02-06,P007,B005,C0048,Online,1,1250,0.15,1062.5,884.8,177.7
S01275,2026-07-01,P004,B005,C0060,Store,2,420,0.05,798.0,652.89,145.11
S01276,2026-05-09,P005,B003,C0030,Corporate,2,360,0.15,612.0,544.52,67.48
S01277,2026-03-20,P002,B003,C0010,Store,1,3200,0.0,3200.0,2262.19,937.81
S01278,2026-03-03,P002,B002,C0064,Online,1,3200,0.0,3200.0,2210.66,989.34
S01279,2026-01-03,P007,B005,C0087,Corporate,1,1250,0.05,1187.5,853.75,333.75
S01280,2026-05-17,P002,B004,C0055,Store,1,3200,0.15,2720.0,1860.67,859.33
S01281,2026-06-29,P009,B003,C0006,Store,2,3100,0.1,5580.0,4444.26,1135.74
S01282,2026-06-05,P008,B002,C0023,Online,3,1800,0.1,4860.0,4108.1,751.9
S01283,2026-01-20,P006,B002,C0022,Online,4,780,0.05,2964.0,2118.8,845.2
S01284,2026-04-06,P002,B003,C0016,Corporate,1,3200,0.1,2880.0,2400.5,479.5
S01285,2026-03-16,P005,B004,C0051,Store,1,360,0.15,306.0,254.24,51.76
S01286,2026-02-25,P005,B005,C0063,Online,1,360,0.05,342.0,273.06,68.94
S01287,2026-01-15,P006,B001,C0045,Online,1,780,0.0,780.0,469.12,310.88
S01288,2026-02-17,P007,B003,C0066,Store,1,1250,0.0,1250.0,746.19,503.81
S01289,2026-02-09,P007,B001,C0061,Corporate,1,1250,0.15,1062.5,787.53,274.97
S01290,2026-04-12,P006,B003,C0014,Store,3,780,0.1,2106.0,1737.0,369.0
S01291,2026-04-23,P008,B002,C0091,Store,2,1800,0.0,3600.0,2346.65,1253.35
S01292,2026-02-20,P002,B002,C0005,Store,1,3200,0.05,3040.0,2332.11,707.89
S01293,2026-02-11,P004,B004,C0071,Corporate,5,420,0.0,2100.0,1394.86,705.14
S01294,2026-05-07,P003,B003,C0095,Online,3,950,0.05,2707.5,1939.06,768.44
S01295,2026-04-10,P003,B001,C0065,Corporate,3,950,0.0,2850.0,1741.66,1108.34
S01296,2026-01-04,P004,B001,C0056,Online,1,420,0.1,378.0,305.54,72.46
S01297,2026-05-03,P005,B003,C0094,Online,3,360,0.0,1080.0,759.8,320.2
S01298,2026-05-11,P003,B002,C0032,Store,1,950,0.0,950.0,739.91,210.09
S01299,2026-06-20,P007,B002,C0065,Online,3,1250,0.0,3750.0,2700.86,1049.14
S01300,2026-06-06,P003,B002,C0016,Corporate,2,950,0.15,1615.0,1158.52,456.48
S01301,2026-02-03,P007,B001,C0079,Store,1,1250,0.0,1250.0,831.58,418.42
S01302,2026-02-21,P002,B001,C0030,Store,2,3200,0.15,5440.0,4522.64,917.36
S01303,2026-02-26,P006,B004,C0015,Online,2,780,0.15,1326.0,920.92,405.08
S01304,2026-03-10,P006,B003,C0007,Corporate,2,780,0.0,1560.0,1004.59,555.41
S01305,2026-02-16,P001,B001,C0036,Store,2,4200,0.0,8400.0,5351.33,3048.67
S01306,2026-06-05,P002,B004,C0015,Store,4,3200,0.0,12800.0,8279.76,4520.24
S01307,2026-01-25,P001,B005,C0047,Online,1,4200,0.0,4200.0,3058.69,1141.31
S01308,2026-05-31,P009,B005,C0012,Store,2,3100,0.0,6200.0,4320.57,1879.43
S01309,2026-01-28,P003,B005,C0025,Store,2,950,0.15,1615.0,1412.62,202.38
S01310,2026-06-30,P008,B001,C0061,Store,2,1800,0.0,3600.0,2305.06,1294.94
S01311,2026-02-21,P009,B002,C0098,Store,1,3100,0.1,2790.0,2239.19,550.81
S01312,2026-05-24,P006,B003,C0054,Store,2,780,0.05,1482.0,925.93,556.07
S01313,2026-05-15,P009,B001,C0073,Store,1,3100,0.0,3100.0,1977.59,1122.41
S01314,2026-01-16,P004,B004,C0022,Online,2,420,0.1,756.0,650.42,105.58
S01315,2026-04-23,P009,B004,C0024,Online,1,3100,0.1,2790.0,1966.33,823.67
S01316,2026-01-01,P003,B005,C0091,Store,2,950,0.1,1710.0,1275.07,434.93
S01317,2026-05-15,P005,B003,C0022,Corporate,1,360,0.0,360.0,248.55,111.45
S01318,2026-02-27,P001,B005,C0036,Store,1,4200,0.0,4200.0,3227.32,972.68
S01319,2026-02-04,P005,B001,C0001,Online,1,360,0.0,360.0,247.29,112.71
S01320,2026-06-16,P006,B005,C0034,Corporate,1,780,0.15,663.0,590.3,72.7
S01321,2026-02-04,P007,B005,C0046,Store,5,1250,0.15,5312.5,4644.9,667.6
S01322,2026-02-26,P005,B002,C0100,Store,1,360,0.15,306.0,279.27,26.73
S01323,2026-05-30,P002,B004,C0071,Corporate,1,3200,0.15,2720.0,2261.96,458.04
S01324,2026-02-22,P008,B002,C0097,Store,1,1800,0.15,1530.0,1334.78,195.22
S01325,2026-04-12,P003,B004,C0062,Store,2,950,0.0,1900.0,1158.37,741.63
S01326,2026-01-24,P008,B002,C0063,Online,3,1800,0.0,5400.0,3335.97,2064.03
S01327,2026-02-16,P005,B001,C0025,Store,3,360,0.05,1026.0,774.87,251.13
S01328,2026-01-18,P003,B001,C0013,Store,2,950,0.15,1615.0,1470.75,144.25
S01329,2026-05-15,P003,B001,C0002,Online,1,950,0.0,950.0,571.91,378.09
S01330,2026-06-14,P001,B002,C0077,Store,1,4200,0.0,4200.0,3224.42,975.58
S01331,2026-01-04,P001,B001,C0018,Online,3,4200,0.15,10710.0,7522.11,3187.89
S01332,2026-05-03,P010,B004,C0008,Online,1,190,0.05,180.5,116.07,64.43
S01333,2026-05-20,P005,B005,C0014,Store,3,360,0.0,1080.0,744.04,335.96
S01334,2026-05-11,P007,B002,C0019,Store,1,1250,0.0,1250.0,831.78,418.22
S01335,2026-04-01,P005,B002,C0015,Corporate,2,360,0.15,612.0,544.93,67.07
S01336,2026-05-06,P003,B001,C0079,Store,4,950,0.0,3800.0,2475.55,1324.45
S01337,2026-03-27,P002,B003,C0023,Corporate,4,3200,0.0,12800.0,8971.54,3828.46
S01338,2026-04-20,P009,B003,C0088,Online,2,3100,0.0,6200.0,4703.47,1496.53
S01339,2026-03-19,P010,B003,C0034,Store,1,190,0.05,180.5,135.35,45.15
S01340,2026-01-20,P001,B002,C0093,Online,1,4200,0.0,4200.0,2764.1,1435.9
S01341,2026-05-03,P002,B001,C0042,Online,4,3200,0.0,12800.0,7794.35,5005.65
S01342,2026-02-02,P003,B004,C0053,Store,2,950,0.05,1805.0,1365.5,439.5
S01343,2026-06-04,P006,B002,C0071,Online,2,780,0.0,1560.0,1024.35,535.65
S01344,2026-05-08,P009,B005,C0075,Online,2,3100,0.0,6200.0,4072.94,2127.06
S01345,2026-04-18,P009,B005,C0031,Online,3,3100,0.0,9300.0,6701.75,2598.25
S01346,2026-04-03,P001,B002,C0018,Corporate,1,4200,0.1,3780.0,2834.1,945.9
S01347,2026-01-29,P001,B003,C0019,Store,3,4200,0.0,12600.0,8050.64,4549.36
S01348,2026-05-22,P007,B002,C0090,Store,1,1250,0.15,1062.5,759.45,303.05
S01349,2026-06-30,P003,B004,C0090,Online,2,950,0.05,1805.0,1243.24,561.76
S01350,2026-01-28,P010,B001,C0047,Online,2,190,0.0,380.0,222.69,157.31
S01351,2026-02-06,P002,B002,C0024,Store,2,3200,0.05,6080.0,3903.64,2176.36
S01352,2026-05-01,P003,B005,C0057,Online,1,950,0.05,902.5,688.29,214.21
S01353,2026-06-15,P001,B003,C0097,Store,1,4200,0.15,3570.0,2462.98,1107.02
S01354,2026-02-14,P009,B002,C0059,Store,3,3100,0.15,7905.0,7157.73,747.27
S01355,2026-05-22,P005,B005,C0035,Online,2,360,0.05,684.0,551.73,132.27
S01356,2026-01-24,P009,B004,C0008,Corporate,1,3100,0.0,3100.0,2046.25,1053.75
S01357,2026-02-26,P007,B002,C0089,Online,5,1250,0.1,5625.0,4677.14,947.86
S01358,2026-04-30,P008,B003,C0048,Online,1,1800,0.05,1710.0,1103.34,606.66
S01359,2026-06-15,P007,B002,C0043,Store,1,1250,0.0,1250.0,875.8,374.2
S01360,2026-01-08,P004,B003,C0097,Store,1,420,0.0,420.0,293.76,126.24
S01361,2026-03-21,P004,B005,C0073,Store,4,420,0.0,1680.0,1064.84,615.16
S01362,2026-05-25,P001,B005,C0040,Corporate,2,4200,0.0,8400.0,5400.49,2999.51
S01363,2026-01-03,P006,B003,C0093,Corporate,2,780,0.0,1560.0,1139.37,420.63
S01364,2026-04-02,P003,B001,C0100,Store,3,950,0.1,2565.0,1710.57,854.43
S01365,2026-02-08,P001,B005,C0020,Online,2,4200,0.0,8400.0,5359.4,3040.6
S01366,2026-06-24,P008,B001,C0028,Corporate,1,1800,0.15,1530.0,1127.37,402.63
S01367,2026-06-24,P003,B002,C0067,Corporate,2,950,0.15,1615.0,1333.32,281.68
S01368,2026-03-29,P008,B002,C0092,Store,1,1800,0.05,1710.0,1058.4,651.6
S01369,2026-06-24,P007,B002,C0073,Store,2,1250,0.0,2500.0,1929.01,570.99
S01370,2026-06-10,P008,B001,C0012,Online,1,1800,0.0,1800.0,1240.97,559.03
S01371,2026-05-08,P002,B004,C0074,Store,4,3200,0.0,12800.0,7598.49,5201.51
S01372,2026-04-04,P006,B001,C0061,Store,2,780,0.05,1482.0,985.28,496.72
S01373,2026-03-07,P008,B002,C0037,Corporate,5,1800,0.05,8550.0,5291.27,3258.73
S01374,2026-04-13,P007,B005,C0080,Corporate,1,1250,0.0,1250.0,853.12,396.88
S01375,2026-03-22,P006,B001,C0088,Online,2,780,0.0,1560.0,1178.55,381.45
S01376,2026-01-11,P010,B001,C0014,Online,1,190,0.1,171.0,110.5,60.5
S01377,2026-03-16,P007,B002,C0060,Online,3,1250,0.0,3750.0,2466.17,1283.83
S01378,2026-06-21,P002,B003,C0024,Online,2,3200,0.05,6080.0,3851.67,2228.33
S01379,2026-01-28,P007,B004,C0078,Store,1,1250,0.0,1250.0,810.61,439.39
S01380,2026-05-05,P004,B004,C0061,Store,2,420,0.1,756.0,513.36,242.64
S01381,2026-02-07,P004,B003,C0047,Online,5,420,0.05,1995.0,1244.21,750.79
S01382,2026-04-21,P008,B002,C0033,Store,3,1800,0.15,4590.0,3588.75,1001.25
S01383,2026-06-12,P003,B001,C0092,Store,1,950,0.0,950.0,607.68,342.32
S01384,2026-04-26,P007,B005,C0012,Store,3,1250,0.0,3750.0,2797.91,952.09
S01385,2026-04-20,P006,B003,C0069,Store,1,780,0.05,741.0,527.53,213.47
S01386,2026-06-26,P003,B004,C0072,Store,2,950,0.05,1805.0,1414.75,390.25
S01387,2026-06-02,P004,B001,C0094,Online,2,420,0.0,840.0,541.59,298.41
S01388,2026-03-23,P001,B002,C0015,Corporate,4,4200,0.05,15960.0,12648.05,3311.95
S01389,2026-06-22,P007,B003,C0017,Online,1,1250,0.05,1187.5,960.83,226.67
S01390,2026-06-12,P008,B005,C0070,Store,1,1800,0.0,1800.0,1195.26,604.74
S01391,2026-02-12,P010,B004,C0074,Store,1,190,0.0,190.0,147.13,42.87
S01392,2026-01-04,P006,B003,C0016,Store,3,780,0.1,2106.0,1740.52,365.48
S01393,2026-06-29,P008,B004,C0098,Store,1,1800,0.1,1620.0,1197.31,422.69
S01394,2026-03-27,P002,B002,C0070,Online,1,3200,0.1,2880.0,2236.73,643.27
S01395,2026-04-22,P007,B003,C0090,Online,2,1250,0.05,2375.0,1767.05,607.95
S01396,2026-06-08,P002,B001,C0053,Online,1,3200,0.15,2720.0,1866.51,853.49
S01397,2026-01-27,P008,B005,C0005,Corporate,1,1800,0.05,1710.0,1225.21,484.79
S01398,2026-06-20,P005,B004,C0026,Store,3,360,0.1,972.0,708.71,263.29
S01399,2026-05-01,P002,B003,C0083,Corporate,4,3200,0.05,12160.0,9748.46,2411.54
S01400,2026-06-30,P007,B001,C0085,Corporate,3,1250,0.1,3375.0,2387.7,987.3
S01401,2026-03-09,P005,B004,C0004,Online,1,360,0.05,342.0,211.15,130.85
S01402,2026-02-09,P006,B005,C0074,Online,2,780,0.0,1560.0,957.97,602.03
S01403,2026-04-21,P004,B005,C0007,Corporate,1,420,0.15,357.0,276.64,80.36
S01404,2026-05-28,P007,B002,C0041,Corporate,1,1250,0.15,1062.5,768.43,294.07
S01405,2026-05-13,P003,B004,C0081,Store,2,950,0.0,1900.0,1293.62,606.38
S01406,2026-05-28,P007,B003,C0012,Online,1,1250,0.0,1250.0,775.94,474.06
S01407,2026-01-07,P007,B001,C0070,Online,2,1250,0.0,2500.0,1759.05,740.95
S01408,2026-01-21,P010,B004,C0100,Store,2,190,0.05,361.0,268.62,92.38
S01409,2026-04-02,P003,B002,C0032,Online,1,950,0.0,950.0,652.73,297.27
S01410,2026-04-07,P005,B001,C0075,Store,4,360,0.15,1224.0,841.86,382.14
S01411,2026-01-27,P002,B004,C0024,Corporate,1,3200,0.0,3200.0,2036.78,1163.22
S01412,2026-01-24,P002,B004,C0063,Online,4,3200,0.0,12800.0,8424.45,4375.55
S01413,2026-01-06,P007,B001,C0049,Online,2,1250,0.0,2500.0,1793.67,706.33
S01414,2026-03-22,P008,B002,C0081,Store,1,1800,0.0,1800.0,1281.48,518.52
S01415,2026-06-05,P001,B001,C0077,Corporate,5,4200,0.05,19950.0,16358.65,3591.35
S01416,2026-05-20,P001,B002,C0004,Online,1,4200,0.0,4200.0,2597.99,1602.01
S01417,2026-05-18,P001,B005,C0028,Online,1,4200,0.0,4200.0,2532.42,1667.58
S01418,2026-01-08,P006,B002,C0062,Store,2,780,0.0,1560.0,988.29,571.71
S01419,2026-02-21,P002,B003,C0064,Online,2,3200,0.05,6080.0,4665.85,1414.15
S01420,2026-04-22,P009,B004,C0092,Corporate,1,3100,0.0,3100.0,2223.98,876.02
S01421,2026-03-13,P007,B001,C0027,Online,3,1250,0.0,3750.0,2299.24,1450.76
S01422,2026-05-05,P007,B004,C0078,Store,2,1250,0.0,2500.0,1761.46,738.54
S01423,2026-04-09,P007,B002,C0058,Online,1,1250,0.15,1062.5,929.84,132.66
S01424,2026-02-12,P001,B005,C0083,Store,1,4200,0.1,3780.0,3130.42,649.58
S01425,2026-05-16,P006,B004,C0024,Store,1,780,0.0,780.0,519.38,260.62
S01426,2026-04-02,P004,B001,C0016,Store,1,420,0.0,420.0,309.08,110.92
S01427,2026-01-03,P006,B001,C0030,Online,1,780,0.1,702.0,576.46,125.54
S01428,2026-05-24,P002,B004,C0036,Store,1,3200,0.0,3200.0,1921.87,1278.13
S01429,2026-06-05,P002,B005,C0041,Corporate,1,3200,0.05,3040.0,2059.38,980.62
S01430,2026-02-20,P004,B001,C0016,Online,2,420,0.0,840.0,557.97,282.03
S01431,2026-04-26,P003,B005,C0003,Store,1,950,0.1,855.0,555.04,299.96
S01432,2026-06-14,P010,B001,C0069,Corporate,1,190,0.05,180.5,111.61,68.89
S01433,2026-05-16,P001,B003,C0054,Online,1,4200,0.0,4200.0,3133.07,1066.93
S01434,2026-03-19,P005,B003,C0064,Online,1,360,0.1,324.0,264.57,59.43
S01435,2026-06-06,P001,B004,C0016,Store,5,4200,0.05,19950.0,15744.42,4205.58
S01436,2026-04-06,P010,B001,C0042,Store,1,190,0.0,190.0,115.47,74.53
S01437,2026-06-26,P007,B002,C0069,Store,1,1250,0.0,1250.0,929.04,320.96
S01438,2026-01-02,P001,B003,C0010,Corporate,1,4200,0.0,4200.0,3231.6,968.4
S01439,2026-03-09,P006,B005,C0018,Online,1,780,0.15,663.0,478.97,184.03
S01440,2026-05-30,P008,B001,C0053,Store,3,1800,0.1,4860.0,4090.82,769.18
S01441,2026-06-13,P008,B001,C0036,Online,1,1800,0.05,1710.0,1282.06,427.94
S01442,2026-03-24,P008,B002,C0072,Store,3,1800,0.15,4590.0,3221.42,1368.58
S01443,2026-03-04,P004,B001,C0028,Store,2,420,0.0,840.0,489.41,350.59
S01444,2026-04-30,P007,B002,C0066,Online,1,1250,0.1,1125.0,915.4,209.6
S01445,2026-03-22,P005,B004,C0029,Online,3,360,0.0,1080.0,823.85,256.15
S01446,2026-04-04,P007,B004,C0036,Corporate,2,1250,0.05,2375.0,1543.98,831.02
S01447,2026-04-19,P003,B003,C0014,Corporate,2,950,0.0,1900.0,1157.97,742.03
S01448,2026-01-29,P004,B001,C0068,Corporate,1,420,0.0,420.0,283.6,136.4
S01449,2026-04-26,P006,B003,C0020,Store,2,780,0.0,1560.0,1039.42,520.58
S01450,2026-04-12,P009,B004,C0007,Online,1,3100,0.0,3100.0,2027.26,1072.74
S01451,2026-06-16,P007,B004,C0068,Store,1,1250,0.0,1250.0,873.51,376.49
S01452,2026-06-05,P008,B005,C0015,Store,2,1800,0.15,3060.0,2267.24,792.76
S01453,2026-02-26,P002,B001,C0013,Corporate,2,3200,0.0,6400.0,3796.28,2603.72
S01454,2026-03-12,P004,B005,C0094,Online,1,420,0.05,399.0,252.11,146.89
S01455,2026-06-27,P005,B004,C0091,Store,3,360,0.0,1080.0,763.97,316.03
S01456,2026-06-02,P005,B001,C0095,Store,2,360,0.15,612.0,507.19,104.81
S01457,2026-03-20,P004,B002,C0059,Store,1,420,0.0,420.0,271.5,148.5
S01458,2026-02-06,P001,B004,C0022,Store,1,4200,0.0,4200.0,3176.26,1023.74
S01459,2026-06-23,P001,B005,C0032,Store,2,4200,0.0,8400.0,5692.36,2707.64
S01460,2026-05-01,P002,B001,C0068,Online,2,3200,0.0,6400.0,4781.26,1618.74
S01461,2026-05-09,P003,B002,C0063,Online,1,950,0.15,807.5,614.78,192.72
S01462,2026-03-31,P009,B003,C0046,Online,1,3100,0.05,2945.0,1806.41,1138.59
S01463,2026-03-19,P006,B005,C0035,Online,3,780,0.1,2106.0,1583.88,522.12
S01464,2026-06-25,P009,B001,C0019,Store,1,3100,0.0,3100.0,2206.81,893.19
S01465,2026-04-02,P008,B001,C0096,Store,2,1800,0.05,3420.0,2346.78,1073.22
S01466,2026-01-23,P004,B004,C0058,Online,4,420,0.15,1428.0,1202.48,225.52
S01467,2026-05-15,P003,B003,C0054,Corporate,1,950,0.0,950.0,625.29,324.71
S01468,2026-03-12,P005,B002,C0016,Store,2,360,0.0,720.0,537.72,182.28
S01469,2026-04-21,P008,B005,C0002,Corporate,3,1800,0.0,5400.0,3251.01,2148.99
S01470,2026-05-08,P003,B004,C0086,Online,2,950,0.0,1900.0,1339.04,560.96
S01471,2026-02-11,P005,B004,C0028,Store,3,360,0.0,1080.0,724.43,355.57
S01472,2026-03-14,P010,B001,C0001,Store,1,190,0.05,180.5,123.59,56.91
S01473,2026-01-13,P005,B002,C0099,Store,1,360,0.1,324.0,256.7,67.3
S01474,2026-05-24,P003,B001,C0075,Online,1,950,0.15,807.5,588.38,219.12
S01475,2026-01-21,P005,B002,C0082,Store,4,360,0.0,1440.0,1068.97,371.03
S01476,2026-04-09,P007,B004,C0077,Corporate,1,1250,0.0,1250.0,955.05,294.95
S01477,2026-03-21,P003,B005,C0099,Store,3,950,0.1,2565.0,1732.33,832.67
S01478,2026-02-21,P005,B002,C0073,Store,1,360,0.0,360.0,214.96,145.04
S01479,2026-06-10,P008,B005,C0068,Store,3,1800,0.05,5130.0,3235.73,1894.27
S01480,2026-04-24,P006,B005,C0060,Corporate,2,780,0.05,1482.0,1015.31,466.69
S01481,2026-04-18,P007,B004,C0018,Store,2,1250,0.05,2375.0,1494.21,880.79
S01482,2026-06-07,P005,B002,C0073,Online,1,360,0.1,324.0,247.92,76.08
S01483,2026-03-17,P001,B004,C0067,Store,2,4200,0.05,7980.0,6228.57,1751.43
S01484,2026-04-28,P001,B001,C0077,Store,3,4200,0.15,10710.0,7577.76,3132.24
S01485,2026-01-25,P005,B005,C0075,Online,1,360,0.0,360.0,217.54,142.46
S01486,2026-06-22,P009,B001,C0064,Online,2,3100,0.1,5580.0,4514.13,1065.87
S01487,2026-02-04,P004,B002,C0080,Store,1,420,0.0,420.0,311.27,108.73
S01488,2026-06-26,P004,B001,C0032,Store,1,420,0.0,420.0,287.27,132.73
S01489,2026-02-22,P002,B004,C0016,Store,2,3200,0.05,6080.0,3783.24,2296.76
S01490,2026-03-18,P007,B004,C0079,Corporate,3,1250,0.1,3375.0,2370.2,1004.8
S01491,2026-06-24,P008,B005,C0096,Store,1,1800,0.0,1800.0,1110.53,689.47
S01492,2026-06-18,P004,B002,C0038,Online,2,420,0.0,840.0,567.19,272.81
S01493,2026-03-16,P002,B005,C0014,Online,2,3200,0.05,6080.0,4205.85,1874.15
S01494,2026-04-29,P007,B004,C0002,Store,1,1250,0.0,1250.0,866.05,383.95
S01495,2026-05-29,P005,B001,C0046,Online,3,360,0.1,972.0,722.41,249.59
S01496,2026-02-05,P008,B004,C0065,Store,5,1800,0.0,9000.0,6121.15,2878.85
S01497,2026-02-23,P006,B005,C0084,Store,1,780,0.15,663.0,476.02,186.98
S01498,2026-05-25,P006,B004,C0085,Online,3,780,0.0,2340.0,1724.56,615.44
S01499,2026-03-19,P007,B001,C0078,Corporate,2,1250,0.05,2375.0,1931.28,443.72
S01500,2026-06-18,P003,B005,C0017,Online,2,950,0.15,1615.0,1301.66,313.34
S01501,2026-06-28,P006,B005,C0009,Corporate,1,780,0.1,702.0,581.86,120.14
S01502,2026-01-12,P001,B002,C0061,Store,2,4200,0.05,7980.0,6441.51,1538.49
S01503,2026-03-24,P004,B002,C0097,Store,3,420,0.15,1071.0,955.7,115.3
S01504,2026-04-18,P002,B001,C0098,Online,1,3200,0.15,2720.0,1902.64,817.36
S01505,2026-04-06,P010,B001,C0018,Corporate,1,190,0.15,161.5,127.28,34.22
S01506,2026-06-13,P010,B005,C0029,Store,1,190,0.05,180.5,136.0,44.5
S01507,2026-02-21,P003,B004,C0004,Online,3,950,0.0,2850.0,1702.03,1147.97
S01508,2026-06-11,P002,B002,C0053,Store,1,3200,0.0,3200.0,2086.12,1113.88
S01509,2026-05-26,P009,B001,C0064,Store,2,3100,0.15,5270.0,4392.37,877.63
S01510,2026-02-18,P004,B005,C0072,Online,2,420,0.0,840.0,591.1,248.9
S01511,2026-02-05,P002,B004,C0017,Store,1,3200,0.0,3200.0,2220.26,979.74
S01512,2026-05-13,P005,B001,C0003,Store,1,360,0.1,324.0,247.72,76.28
S01513,2026-02-27,P005,B003,C0010,Store,1,360,0.0,360.0,278.5,81.5
S01514,2026-05-17,P010,B002,C0080,Corporate,4,190,0.1,684.0,488.26,195.74
S01515,2026-01-15,P009,B001,C0005,Online,4,3100,0.0,12400.0,8812.02,3587.98
S01516,2026-03-28,P007,B003,C0071,Store,3,1250,0.0,3750.0,2279.47,1470.53
S01517,2026-03-26,P001,B002,C0090,Online,3,4200,0.1,11340.0,9586.9,1753.1
S01518,2026-01-10,P006,B001,C0071,Corporate,2,780,0.1,1404.0,1194.76,209.24
S01519,2026-05-03,P003,B003,C0084,Online,1,950,0.05,902.5,647.44,255.06
S01520,2026-03-31,P007,B004,C0008,Store,3,1250,0.0,3750.0,2191.08,1558.92
S01521,2026-01-07,P004,B005,C0071,Online,1,420,0.15,357.0,305.59,51.41
S01522,2026-05-04,P001,B004,C0071,Online,2,4200,0.05,7980.0,6050.25,1929.75
S01523,2026-02-05,P002,B004,C0044,Store,2,3200,0.0,6400.0,4162.29,2237.71
S01524,2026-04-22,P001,B002,C0097,Store,2,4200,0.0,8400.0,5565.95,2834.05
S01525,2026-05-18,P010,B001,C0008,Corporate,1,190,0.15,161.5,119.7,41.8
S01526,2026-01-20,P001,B002,C0084,Store,1,4200,0.0,4200.0,2729.72,1470.28
S01527,2026-03-04,P005,B002,C0010,Online,2,360,0.0,720.0,512.15,207.85
S01528,2026-03-06,P009,B002,C0029,Online,2,3100,0.0,6200.0,4709.07,1490.93
S01529,2026-04-24,P005,B003,C0035,Online,1,360,0.15,306.0,226.38,79.62
S01530,2026-03-23,P009,B005,C0080,Store,1,3100,0.05,2945.0,2235.41,709.59
S01531,2026-05-05,P005,B001,C0095,Store,1,360,0.1,324.0,225.4,98.6
S01532,2026-05-22,P004,B001,C0031,Store,3,420,0.0,1260.0,739.84,520.16
S01533,2026-06-28,P008,B004,C0076,Corporate,1,1800,0.0,1800.0,1141.31,658.69
S01534,2026-04-09,P005,B001,C0049,Store,3,360,0.05,1026.0,733.4,292.6
S01535,2026-04-09,P008,B001,C0007,Store,1,1800,0.15,1530.0,1199.19,330.81
S01536,2026-06-19,P005,B001,C0097,Online,1,360,0.0,360.0,274.32,85.68
S01537,2026-03-28,P005,B005,C0056,Store,1,360,0.15,306.0,268.51,37.49
S01538,2026-04-20,P001,B001,C0069,Online,4,4200,0.15,14280.0,10709.73,3570.27
S01539,2026-04-29,P007,B005,C0049,Online,3,1250,0.0,3750.0,2296.91,1453.09
S01540,2026-04-30,P004,B002,C0011,Corporate,1,420,0.15,357.0,323.48,33.52
S01541,2026-03-05,P009,B003,C0035,Store,1,3100,0.1,2790.0,1968.05,821.95
S01542,2026-06-18,P005,B005,C0034,Store,1,360,0.15,306.0,231.91,74.09
S01543,2026-02-15,P008,B004,C0062,Store,1,1800,0.0,1800.0,1391.72,408.28
S01544,2026-06-13,P009,B002,C0079,Store,2,3100,0.0,6200.0,3938.79,2261.21
S01545,2026-05-22,P006,B001,C0064,Store,1,780,0.0,780.0,492.89,287.11
S01546,2026-02-02,P004,B002,C0084,Store,2,420,0.0,840.0,526.29,313.71
S01547,2026-01-10,P003,B005,C0030,Corporate,2,950,0.0,1900.0,1312.29,587.71
S01548,2026-01-16,P005,B003,C0006,Store,3,360,0.0,1080.0,743.14,336.86
S01549,2026-06-03,P004,B003,C0031,Store,2,420,0.0,840.0,573.05,266.95
S01550,2026-02-22,P006,B005,C0055,Store,3,780,0.05,2223.0,1390.61,832.39
S01551,2026-03-14,P003,B001,C0084,Store,3,950,0.0,2850.0,2208.81,641.19
S01552,2026-04-06,P008,B003,C0020,Online,1,1800,0.0,1800.0,1148.71,651.29
S01553,2026-06-01,P001,B001,C0095,Online,3,4200,0.1,11340.0,9111.74,2228.26
S01554,2026-05-11,P010,B003,C0093,Corporate,1,190,0.1,171.0,111.44,59.56
S01555,2026-02-08,P007,B001,C0074,Corporate,4,1250,0.0,5000.0,3465.4,1534.6
S01556,2026-06-11,P009,B004,C0078,Online,1,3100,0.1,2790.0,2292.89,497.11
S01557,2026-05-01,P009,B005,C0032,Store,1,3100,0.1,2790.0,1979.7,810.3
S01558,2026-03-26,P004,B003,C0057,Store,1,420,0.0,420.0,301.82,118.18
S01559,2026-04-15,P006,B001,C0078,Store,2,780,0.0,1560.0,1108.64,451.36
S01560,2026-02-28,P008,B004,C0032,Store,3,1800,0.0,5400.0,4131.77,1268.23
S01561,2026-04-15,P010,B002,C0011,Online,3,190,0.0,570.0,366.38,203.62
S01562,2026-04-15,P007,B005,C0026,Corporate,2,1250,0.15,2125.0,1890.72,234.28
S01563,2026-02-16,P008,B001,C0061,Store,1,1800,0.1,1620.0,1300.1,319.9
S01564,2026-01-26,P003,B001,C0017,Online,1,950,0.0,950.0,739.09,210.91
S01565,2026-05-12,P009,B004,C0031,Corporate,1,3100,0.05,2945.0,2230.1,714.9
S01566,2026-03-17,P002,B003,C0014,Corporate,3,3200,0.1,8640.0,6736.81,1903.19
S01567,2026-01-12,P002,B003,C0056,Corporate,4,3200,0.15,10880.0,8575.37,2304.63
S01568,2026-03-16,P008,B002,C0066,Online,2,1800,0.1,3240.0,2747.77,492.23
S01569,2026-01-22,P003,B001,C0042,Online,1,950,0.15,807.5,637.17,170.33
S01570,2026-04-23,P003,B005,C0064,Online,1,950,0.0,950.0,595.13,354.87
S01571,2026-03-29,P001,B005,C0055,Online,2,4200,0.1,7560.0,6290.03,1269.97
S01572,2026-03-15,P006,B004,C0095,Store,1,780,0.0,780.0,458.94,321.06
S01573,2026-02-23,P007,B005,C0037,Store,3,1250,0.0,3750.0,2249.6,1500.4
S01574,2026-02-12,P002,B003,C0034,Store,1,3200,0.0,3200.0,2040.63,1159.37
S01575,2026-06-05,P002,B002,C0066,Online,1,3200,0.0,3200.0,2209.38,990.62
S01576,2026-02-13,P001,B005,C0025,Corporate,4,4200,0.1,15120.0,11551.4,3568.6
S01577,2026-01-02,P008,B001,C0057,Store,1,1800,0.1,1620.0,1197.54,422.46
S01578,2026-05-14,P003,B004,C0016,Store,1,950,0.15,807.5,725.64,81.86
S01579,2026-04-24,P007,B004,C0015,Store,3,1250,0.0,3750.0,2723.73,1026.27
S01580,2026-04-01,P002,B002,C0059,Online,1,3200,0.1,2880.0,2070.62,809.38
S01581,2026-06-11,P009,B001,C0091,Online,1,3100,0.0,3100.0,2066.69,1033.31
S01582,2026-05-14,P006,B002,C0082,Online,2,780,0.15,1326.0,915.92,410.08
S01583,2026-06-10,P001,B002,C0034,Store,1,4200,0.0,4200.0,3001.61,1198.39
S01584,2026-05-01,P003,B004,C0082,Online,2,950,0.0,1900.0,1152.08,747.92
S01585,2026-01-23,P009,B002,C0091,Store,1,3100,0.1,2790.0,2176.95,613.05
S01586,2026-02-15,P001,B004,C0082,Online,2,4200,0.15,7140.0,5852.95,1287.05
S01587,2026-03-31,P008,B005,C0038,Online,1,1800,0.0,1800.0,1346.65,453.35
S01588,2026-06-21,P008,B004,C0038,Online,1,1800,0.0,1800.0,1239.63,560.37
S01589,2026-01-25,P004,B001,C0058,Corporate,3,420,0.0,1260.0,836.54,423.46
S01590,2026-03-25,P004,B004,C0045,Store,2,420,0.0,840.0,598.18,241.82
S01591,2026-06-28,P007,B002,C0088,Online,2,1250,0.05,2375.0,1750.53,624.47
S01592,2026-03-02,P001,B003,C0099,Store,1,4200,0.05,3990.0,2487.07,1502.93
S01593,2026-03-24,P005,B003,C0007,Store,3,360,0.05,1026.0,712.51,313.49
S01594,2026-03-10,P008,B002,C0029,Store,3,1800,0.0,5400.0,3615.45,1784.55
S01595,2026-05-27,P003,B005,C0017,Store,2,950,0.1,1710.0,1334.09,375.91
S01596,2026-06-04,P009,B001,C0091,Corporate,1,3100,0.05,2945.0,1853.96,1091.04
S01597,2026-03-27,P006,B005,C0026,Store,1,780,0.0,780.0,508.89,271.11
S01598,2026-02-10,P009,B004,C0043,Corporate,1,3100,0.0,3100.0,2362.61,737.39
S01599,2026-04-16,P004,B005,C0097,Online,4,420,0.0,1680.0,1258.48,421.52
S01600,2026-05-15,P002,B005,C0004,Store,2,3200,0.0,6400.0,4074.35,2325.65
S01601,2026-02-28,P004,B001,C0017,Store,1,420,0.05,399.0,298.64,100.36
S01602,2026-03-11,P002,B001,C0002,Store,2,3200,0.15,5440.0,4243.69,1196.31
S01603,2026-05-19,P010,B002,C0078,Store,2,190,0.05,361.0,235.17,125.83
S01604,2026-03-21,P006,B004,C0013,Online,1,780,0.0,780.0,523.99,256.01
S01605,2026-03-09,P010,B004,C0072,Store,1,190,0.0,190.0,146.94,43.06
S01606,2026-03-13,P008,B003,C0064,Corporate,2,1800,0.0,3600.0,2363.33,1236.67
S01607,2026-04-11,P006,B005,C0051,Online,2,780,0.1,1404.0,1209.06,194.94
S01608,2026-03-01,P008,B003,C0081,Online,1,1800,0.0,1800.0,1163.68,636.32
S01609,2026-01-22,P002,B005,C0011,Store,3,3200,0.05,9120.0,6707.35,2412.65
S01610,2026-02-06,P007,B005,C0008,Online,2,1250,0.1,2250.0,1830.29,419.71
S01611,2026-05-07,P005,B004,C0089,Store,1,360,0.0,360.0,211.43,148.57
S01612,2026-05-25,P010,B004,C0063,Corporate,1,190,0.0,190.0,138.89,51.11
S01613,2026-05-20,P008,B003,C0066,Corporate,1,1800,0.05,1710.0,1299.19,410.81
S01614,2026-05-23,P002,B001,C0021,Store,1,3200,0.0,3200.0,2340.41,859.59
S01615,2026-05-14,P002,B002,C0055,Store,3,3200,0.0,9600.0,5643.0,3957.0
S01616,2026-05-07,P003,B005,C0002,Online,2,950,0.1,1710.0,1260.9,449.1
S01617,2026-03-17,P002,B004,C0042,Corporate,2,3200,0.15,5440.0,4059.02,1380.98
S01618,2026-06-07,P006,B005,C0079,Online,1,780,0.1,702.0,559.26,142.74
S01619,2026-04-06,P009,B005,C0093,Store,2,3100,0.0,6200.0,4745.58,1454.42
S01620,2026-02-04,P003,B005,C0020,Online,2,950,0.0,1900.0,1260.2,639.8
S01621,2026-05-01,P002,B001,C0059,Store,1,3200,0.15,2720.0,1916.06,803.94
S01622,2026-03-26,P002,B001,C0072,Online,2,3200,0.0,6400.0,4160.58,2239.42
S01623,2026-02-27,P006,B001,C0040,Corporate,1,780,0.05,741.0,543.58,197.42
S01624,2026-04-05,P010,B004,C0010,Corporate,2,190,0.15,323.0,270.51,52.49
S01625,2026-06-01,P003,B001,C0017,Online,1,950,0.0,950.0,658.1,291.9
S01626,2026-05-14,P010,B004,C0095,Store,3,190,0.1,513.0,399.54,113.46
S01627,2026-06-07,P008,B002,C0079,Store,3,1800,0.0,5400.0,3230.65,2169.35
S01628,2026-02-07,P003,B002,C0007,Online,1,950,0.0,950.0,721.23,228.77
S01629,2026-02-05,P009,B004,C0016,Store,2,3100,0.0,6200.0,4216.47,1983.53
S01630,2026-03-03,P009,B004,C0067,Store,1,3100,0.05,2945.0,2018.09,926.91
S01631,2026-03-23,P009,B001,C0036,Corporate,3,3100,0.0,9300.0,7152.61,2147.39
S01632,2026-02-06,P007,B005,C0072,Store,2,1250,0.0,2500.0,1792.68,707.32
S01633,2026-04-22,P006,B002,C0045,Store,1,780,0.05,741.0,572.64,168.36
S01634,2026-04-19,P004,B005,C0023,Online,5,420,0.0,2100.0,1378.63,721.37
S01635,2026-01-03,P004,B004,C0013,Store,1,420,0.1,378.0,269.67,108.33
S01636,2026-04-05,P005,B005,C0083,Corporate,2,360,0.0,720.0,510.8,209.2
S01637,2026-05-03,P007,B001,C0074,Corporate,2,1250,0.0,2500.0,1762.64,737.36
S01638,2026-01-08,P008,B005,C0083,Online,2,1800,0.05,3420.0,2627.95,792.05
S01639,2026-05-20,P002,B001,C0095,Store,2,3200,0.15,5440.0,3908.09,1531.91
S01640,2026-02-15,P003,B001,C0091,Store,3,950,0.0,2850.0,1905.73,944.27
S01641,2026-01-16,P006,B001,C0095,Corporate,1,780,0.0,780.0,554.6,225.4
S01642,2026-01-05,P006,B003,C0047,Corporate,1,780,0.1,702.0,565.05,136.95
S01643,2026-05-13,P001,B004,C0098,Store,2,4200,0.0,8400.0,4981.12,3418.88
S01644,2026-05-09,P003,B003,C0089,Store,1,950,0.0,950.0,666.62,283.38
S01645,2026-05-10,P007,B002,C0072,Online,3,1250,0.0,3750.0,2408.37,1341.63
S01646,2026-03-31,P002,B003,C0060,Online,3,3200,0.0,9600.0,6655.08,2944.92
S01647,2026-01-23,P002,B001,C0003,Store,1,3200,0.0,3200.0,2234.34,965.66
S01648,2026-02-13,P001,B002,C0040,Online,2,4200,0.15,7140.0,6456.64,683.36
S01649,2026-06-24,P004,B002,C0018,Store,1,420,0.0,420.0,258.55,161.45
S01650,2026-05-25,P006,B004,C0038,Store,1,780,0.0,780.0,480.03,299.97
S01651,2026-03-08,P008,B003,C0083,Store,1,1800,0.0,1800.0,1169.59,630.41
S01652,2026-05-14,P008,B002,C0073,Store,3,1800,0.05,5130.0,3300.16,1829.84
S01653,2026-02-23,P007,B003,C0090,Online,2,1250,0.0,2500.0,1553.72,946.28
S01654,2026-05-09,P009,B003,C0034,Store,3,3100,0.0,9300.0,5799.95,3500.05
S01655,2026-01-09,P002,B005,C0042,Online,1,3200,0.0,3200.0,2155.04,1044.96
S01656,2026-04-06,P010,B004,C0081,Online,4,190,0.0,760.0,547.4,212.6
S01657,2026-04-02,P001,B002,C0024,Store,1,4200,0.15,3570.0,3194.5,375.5
S01658,2026-04-02,P005,B002,C0079,Online,1,360,0.0,360.0,240.41,119.59
S01659,2026-04-27,P010,B005,C0033,Online,2,190,0.05,361.0,283.79,77.21
S01660,2026-04-06,P010,B003,C0030,Online,1,190,0.0,190.0,147.09,42.91
S01661,2026-05-10,P002,B004,C0004,Store,1,3200,0.1,2880.0,2112.48,767.52
S01662,2026-02-11,P009,B002,C0026,Corporate,3,3100,0.15,7905.0,7147.69,757.31
S01663,2026-05-26,P003,B002,C0040,Online,3,950,0.0,2850.0,2206.09,643.91
S01664,2026-02-06,P006,B004,C0023,Store,2,780,0.15,1326.0,950.82,375.18
S01665,2026-03-19,P005,B001,C0032,Store,3,360,0.05,1026.0,645.88,380.12
S01666,2026-02-09,P009,B003,C0088,Store,1,3100,0.0,3100.0,2089.9,1010.1
S01667,2026-04-11,P004,B004,C0013,Online,3,420,0.15,1071.0,791.97,279.03
S01668,2026-04-10,P003,B003,C0087,Online,1,950,0.0,950.0,721.62,228.38
S01669,2026-04-19,P010,B004,C0076,Online,1,190,0.15,161.5,138.34,23.16
S01670,2026-01-07,P004,B005,C0001,Store,1,420,0.0,420.0,272.15,147.85
S01671,2026-06-06,P010,B004,C0006,Corporate,2,190,0.0,380.0,258.4,121.6
S01672,2026-02-24,P005,B004,C0037,Store,1,360,0.0,360.0,239.45,120.55
S01673,2026-03-21,P007,B004,C0051,Store,4,1250,0.05,4750.0,3079.52,1670.48
S01674,2026-06-24,P009,B001,C0084,Online,1,3100,0.15,2635.0,2252.26,382.74
S01675,2026-04-14,P001,B002,C0002,Store,2,4200,0.05,7980.0,6024.98,1955.02
S01676,2026-05-05,P007,B004,C0015,Online,1,1250,0.0,1250.0,910.52,339.48
S01677,2026-06-04,P008,B005,C0047,Store,2,1800,0.0,3600.0,2695.8,904.2
S01678,2026-01-29,P003,B004,C0001,Online,1,950,0.15,807.5,566.2,241.3
S01679,2026-03-28,P010,B003,C0056,Store,3,190,0.15,484.5,430.03,54.47
S01680,2026-01-13,P008,B003,C0077,Store,3,1800,0.05,5130.0,3528.47,1601.53
S01681,2026-06-25,P006,B003,C0023,Store,2,780,0.0,1560.0,1074.14,485.86
S01682,2026-03-17,P006,B004,C0015,Store,1,780,0.15,663.0,457.96,205.04
S01683,2026-04-02,P001,B005,C0017,Online,1,4200,0.0,4200.0,2885.39,1314.61
S01684,2026-02-07,P008,B004,C0032,Corporate,1,1800,0.05,1710.0,1292.04,417.96
S01685,2026-05-15,P010,B004,C0093,Store,1,190,0.0,190.0,115.78,74.22
S01686,2026-06-13,P002,B004,C0096,Online,2,3200,0.0,6400.0,4899.12,1500.88
S01687,2026-03-19,P007,B004,C0096,Store,4,1250,0.0,5000.0,3621.59,1378.41
S01688,2026-01-21,P007,B001,C0070,Online,2,1250,0.0,2500.0,1757.79,742.21
S01689,2026-03-04,P001,B003,C0089,Online,1,4200,0.05,3990.0,2666.82,1323.18
S01690,2026-02-17,P005,B005,C0035,Online,2,360,0.0,720.0,515.26,204.74
S01691,2026-01-02,P007,B002,C0060,Store,1,1250,0.0,1250.0,793.69,456.31
S01692,2026-06-03,P006,B001,C0079,Store,1,780,0.0,780.0,486.89,293.11
S01693,2026-03-15,P010,B004,C0061,Online,2,190,0.0,380.0,261.55,118.45
S01694,2026-05-23,P001,B003,C0096,Store,1,4200,0.05,3990.0,2563.49,1426.51
S01695,2026-05-08,P004,B005,C0085,Online,2,420,0.0,840.0,554.89,285.11
S01696,2026-05-27,P002,B004,C0068,Online,1,3200,0.0,3200.0,2334.73,865.27
S01697,2026-04-05,P005,B003,C0080,Online,2,360,0.05,684.0,421.86,262.14
S01698,2026-05-30,P003,B005,C0037,Store,1,950,0.0,950.0,693.76,256.24
S01699,2026-05-23,P008,B002,C0016,Store,2,1800,0.05,3420.0,2525.13,894.87
S01700,2026-01-25,P007,B002,C0021,Store,1,1250,0.0,1250.0,769.66,480.34
S01701,2026-04-13,P009,B004,C0099,Store,1,3100,0.1,2790.0,1970.91,819.09
S01702,2026-04-03,P002,B003,C0064,Online,2,3200,0.0,6400.0,4811.59,1588.41
S01703,2026-04-29,P005,B004,C0069,Store,3,360,0.05,1026.0,688.7,337.3
S01704,2026-03-27,P008,B002,C0054,Online,1,1800,0.1,1620.0,1279.12,340.88
S01705,2026-04-16,P004,B001,C0011,Online,1,420,0.1,378.0,285.88,92.12
S01706,2026-06-03,P010,B004,C0081,Corporate,1,190,0.0,190.0,116.53,73.47
S01707,2026-05-01,P002,B003,C0066,Store,2,3200,0.15,5440.0,4210.35,1229.65
S01708,2026-02-19,P003,B004,C0092,Store,3,950,0.0,2850.0,1922.14,927.86
S01709,2026-02-21,P006,B002,C0059,Store,3,780,0.0,2340.0,1627.52,712.48
S01710,2026-03-04,P010,B004,C0015,Corporate,3,190,0.05,541.5,387.62,153.88
S01711,2026-06-04,P006,B002,C0005,Store,2,780,0.0,1560.0,906.95,653.05
S01712,2026-06-24,P007,B005,C0034,Corporate,3,1250,0.0,3750.0,2762.28,987.72
S01713,2026-05-18,P002,B005,C0093,Online,2,3200,0.0,6400.0,4273.31,2126.69
S01714,2026-01-16,P005,B004,C0092,Online,2,360,0.0,720.0,469.93,250.07
S01715,2026-05-11,P008,B004,C0075,Online,1,1800,0.0,1800.0,1316.86,483.14
S01716,2026-01-29,P003,B003,C0027,Store,1,950,0.0,950.0,702.16,247.84
S01717,2026-03-09,P002,B003,C0032,Online,1,3200,0.15,2720.0,2170.61,549.39
S01718,2026-03-08,P006,B003,C0073,Online,1,780,0.05,741.0,561.53,179.47
S01719,2026-03-12,P010,B001,C0048,Online,1,190,0.0,190.0,111.19,78.81
S01720,2026-05-25,P006,B003,C0061,Store,2,780,0.1,1404.0,1102.58,301.42
S01721,2026-04-23,P005,B002,C0050,Online,2,360,0.0,720.0,505.07,214.93
S01722,2026-03-07,P004,B001,C0034,Corporate,2,420,0.0,840.0,585.35,254.65
S01723,2026-04-04,P009,B005,C0083,Store,2,3100,0.0,6200.0,4801.78,1398.22
S01724,2026-02-09,P010,B005,C0068,Store,1,190,0.05,180.5,134.84,45.66
S01725,2026-05-04,P003,B004,C0040,Corporate,1,950,0.0,950.0,616.05,333.95
S01726,2026-02-22,P004,B002,C0046,Store,3,420,0.0,1260.0,894.6,365.4
S01727,2026-05-08,P008,B005,C0068,Corporate,4,1800,0.15,6120.0,5393.87,726.13
S01728,2026-02-28,P004,B003,C0065,Online,1,420,0.0,420.0,323.57,96.43
S01729,2026-01-18,P005,B005,C0008,Corporate,3,360,0.1,972.0,814.88,157.12
S01730,2026-04-25,P010,B005,C0084,Store,1,190,0.15,161.5,117.14,44.36
S01731,2026-03-04,P004,B004,C0012,Store,5,420,0.0,2100.0,1449.83,650.17
S01732,2026-02-18,P002,B002,C0098,Online,1,3200,0.0,3200.0,2012.12,1187.88
S01733,2026-05-29,P008,B004,C0082,Store,3,1800,0.0,5400.0,3476.37,1923.63
S01734,2026-01-19,P004,B004,C0076,Store,1,420,0.0,420.0,251.99,168.01
S01735,2026-02-25,P010,B004,C0015,Store,1,190,0.05,180.5,142.92,37.58
S01736,2026-04-24,P004,B005,C0033,Online,2,420,0.05,798.0,653.9,144.1
S01737,2026-04-15,P010,B003,C0037,Online,1,190,0.1,171.0,128.56,42.44
S01738,2026-06-15,P005,B003,C0065,Corporate,1,360,0.0,360.0,257.6,102.4
S01739,2026-03-21,P008,B001,C0066,Corporate,4,1800,0.05,6840.0,4185.38,2654.62
S01740,2026-05-01,P008,B002,C0057,Store,3,1800,0.15,4590.0,3461.01,1128.99
S01741,2026-03-29,P009,B002,C0065,Store,1,3100,0.0,3100.0,1930.19,1169.81
S01742,2026-03-20,P006,B005,C0087,Online,2,780,0.1,1404.0,970.41,433.59
S01743,2026-02-09,P006,B002,C0079,Store,1,780,0.0,780.0,585.37,194.63
S01744,2026-06-19,P003,B003,C0054,Corporate,5,950,0.15,4037.5,3320.47,717.03
S01745,2026-03-10,P004,B003,C0040,Online,3,420,0.0,1260.0,824.24,435.76
S01746,2026-03-27,P006,B003,C0001,Store,1,780,0.05,741.0,571.38,169.62
S01747,2026-04-14,P001,B004,C0003,Store,3,4200,0.05,11970.0,9240.96,2729.04
S01748,2026-06-30,P004,B002,C0055,Online,1,420,0.0,420.0,245.59,174.41
S01749,2026-04-08,P006,B005,C0057,Online,1,780,0.0,780.0,548.74,231.26
S01750,2026-03-12,P002,B001,C0076,Store,1,3200,0.05,3040.0,2458.56,581.44
S01751,2026-05-01,P001,B004,C0078,Online,4,4200,0.05,15960.0,10583.48,5376.52
S01752,2026-05-31,P007,B001,C0057,Store,2,1250,0.0,2500.0,1718.95,781.05
S01753,2026-03-14,P002,B004,C0094,Store,2,3200,0.0,6400.0,4962.79,1437.21
S01754,2026-04-16,P003,B002,C0032,Online,2,950,0.1,1710.0,1135.44,574.56
S01755,2026-03-25,P010,B005,C0089,Online,1,190,0.1,171.0,141.26,29.74
S01756,2026-01-06,P003,B001,C0047,Corporate,2,950,0.15,1615.0,1221.31,393.69
S01757,2026-04-25,P004,B002,C0087,Store,1,420,0.0,420.0,271.57,148.43
S01758,2026-06-30,P005,B003,C0053,Online,4,360,0.0,1440.0,869.53,570.47
S01759,2026-04-20,P007,B004,C0066,Online,3,1250,0.0,3750.0,2859.74,890.26
S01760,2026-04-06,P001,B005,C0042,Store,1,4200,0.1,3780.0,3169.39,610.61
S01761,2026-05-18,P008,B003,C0012,Online,2,1800,0.15,3060.0,2142.4,917.6
S01762,2026-05-23,P002,B005,C0060,Store,2,3200,0.0,6400.0,4446.62,1953.38
S01763,2026-06-06,P004,B001,C0095,Online,1,420,0.0,420.0,282.72,137.28
S01764,2026-02-08,P006,B001,C0089,Store,2,780,0.05,1482.0,1069.45,412.55
S01765,2026-04-21,P001,B004,C0029,Online,1,4200,0.05,3990.0,2451.85,1538.15
S01766,2026-03-24,P007,B002,C0069,Store,1,1250,0.15,1062.5,916.94,145.56
S01767,2026-04-28,P004,B005,C0020,Corporate,3,420,0.15,1071.0,949.35,121.65
S01768,2026-02-18,P003,B002,C0006,Store,1,950,0.1,855.0,665.37,189.63
S01769,2026-02-02,P009,B003,C0085,Corporate,1,3100,0.0,3100.0,2373.65,726.35
S01770,2026-02-23,P004,B003,C0028,Store,5,420,0.0,2100.0,1611.25,488.75
S01771,2026-04-01,P001,B002,C0049,Corporate,4,4200,0.0,16800.0,12546.77,4253.23
S01772,2026-01-07,P008,B002,C0099,Store,1,1800,0.05,1710.0,1115.51,594.49
S01773,2026-04-08,P010,B001,C0016,Store,1,190,0.1,171.0,137.73,33.27
S01774,2026-02-11,P004,B001,C0041,Corporate,2,420,0.0,840.0,613.15,226.85
S01775,2026-04-17,P004,B002,C0066,Corporate,3,420,0.0,1260.0,851.25,408.75
S01776,2026-01-29,P008,B001,C0013,Store,3,1800,0.05,5130.0,4170.49,959.51
S01777,2026-04-01,P006,B003,C0090,Online,1,780,0.15,663.0,499.31,163.69
S01778,2026-01-22,P007,B004,C0042,Store,4,1250,0.15,4250.0,3547.36,702.64
S01779,2026-01-12,P003,B002,C0089,Store,1,950,0.1,855.0,580.59,274.41
S01780,2026-05-01,P001,B001,C0048,Online,1,4200,0.15,3570.0,2991.2,578.8
S01781,2026-06-08,P007,B002,C0095,Store,1,1250,0.1,1125.0,966.33,158.67
S01782,2026-06-21,P003,B003,C0027,Corporate,1,950,0.0,950.0,556.7,393.3
S01783,2026-03-20,P007,B003,C0004,Corporate,1,1250,0.0,1250.0,732.12,517.88
S01784,2026-03-26,P001,B004,C0049,Store,3,4200,0.05,11970.0,7425.18,4544.82
S01785,2026-06-03,P009,B002,C0009,Store,1,3100,0.0,3100.0,1855.12,1244.88
S01786,2026-01-29,P008,B004,C0078,Corporate,3,1800,0.1,4860.0,3607.65,1252.35
S01787,2026-06-13,P001,B003,C0085,Online,3,4200,0.0,12600.0,7631.06,4968.94
S01788,2026-05-19,P006,B005,C0074,Online,1,780,0.05,741.0,569.2,171.8
S01789,2026-02-20,P003,B002,C0011,Online,3,950,0.0,2850.0,1781.56,1068.44
S01790,2026-01-25,P007,B003,C0094,Corporate,1,1250,0.0,1250.0,787.67,462.33
S01791,2026-06-18,P005,B003,C0074,Online,2,360,0.1,648.0,492.47,155.53
S01792,2026-03-10,P003,B003,C0005,Store,2,950,0.1,1710.0,1381.84,328.16
S01793,2026-04-09,P001,B002,C0031,Corporate,1,4200,0.15,3570.0,2464.66,1105.34
S01794,2026-02-11,P007,B003,C0074,Store,2,1250,0.0,2500.0,1543.87,956.13
S01795,2026-04-14,P008,B002,C0036,Online,1,1800,0.05,1710.0,1086.41,623.59
S01796,2026-06-17,P009,B003,C0063,Store,3,3100,0.0,9300.0,6028.23,3271.77
S01797,2026-05-21,P008,B001,C0047,Online,1,1800,0.1,1620.0,1138.63,481.37
S01798,2026-04-20,P001,B005,C0016,Store,1,4200,0.05,3990.0,3133.27,856.73
S01799,2026-05-21,P005,B002,C0011,Corporate,1,360,0.05,342.0,248.64,93.36
S01800,2026-05-10,P003,B004,C0088,Online,3,950,0.1,2565.0,1764.08,800.92
